mds_cache_memory_limit,mds_cache_reservation,mds_health_cache_threshold,mds_cache_trim_threshold,mds_cache_trim_decay_rate,mds_recall_max_caps,mds_recall_max_decay_threshold,mds_recall_max_decay_rate,mds_recall_global_max_decay_threshold,mds_recall_warning_threshold,mds_recall_warning_decay_rate,mds_session_cap_acquisition_throttle,mds_session_cap_acquisition_decay_rate,mds_session_max_caps_throttle_ratio,mds_cap_acquisition_throttle_retry_request_timeout,mds_session_cache_liveness_magnitude,mds_session_cache_liveness_decay_rate,mds_max_caps_per_client,mds_cache_mid,mds_dir_max_commit_size,mds_decay_halflife,mds_beacon_interval,mds_beacon_grace,mon_mds_blocklist_interval,mds_reconnect_timeout,mds_tick_interval,mds_dirstat_min_interval,mds_scatter_nudge_interval,mds_client_prealloc_inos,mds_early_reply,mds_default_dir_hash,mds_log_skip_corrupt_events,mds_log_max_events,mds_log_max_segments,mds_bal_sample_interval,mds_bal_replicate_threshold,mds_bal_unreplicate_threshold,mds_bal_split_size,mds_bal_split_rd,mds_bal_split_wr,mds_bal_split_bits,mds_bal_merge_size,mds_bal_interval,mds_bal_fragment_interval,mds_bal_fragment_fast_factor,mds_bal_fragment_size_max,mds_bal_idle_threshold,mds_bal_max,mds_bal_max_until,mds_bal_mode,mds_bal_min_rebalance,mds_bal_min_start,mds_bal_need_min,mds_bal_need_max,mds_bal_midchunk,mds_bal_minchunk,mds_replay_interval,mds_shutdown_check,mds_thrash_exports,mds_thrash_fragments,mds_dump_cache_on_map,mds_dump_cache_after_rejoin,mds_verify_scatter,mds_debug_scatterstat,mds_debug_frag,mds_debug_auth_pins,mds_debug_subtrees,mds_kill_mdstable_at,mds_kill_export_at,mds_kill_import_at,mds_kill_link_at,mds_kill_rename_at,mds_wipe_sessions,mds_wipe_ino_prealloc,mds_skip_ino,mds_min_caps_per_client,bluestore_cache_trim_interval,bluestore_default_buffered_read,bluestore_default_buffered_write,bluestore_deferred_batch_ops,bluestore_deferred_batch_ops_hdd,bluestore_deferred_batch_ops_ssd,bluestore_fsck_read_bytes_cap,bluestore_max_deferred_txc,bluestore_prefer_deferred_size,bluestore_prefer_deferred_size_hdd,bluestore_prefer_deferred_size_ssd,bluestore_throttle_bytes,client_cache_mid,client_cache_size,client_oc,client_oc_max_dirty,client_oc_max_dirty_age,client_oc_max_objects,client_oc_size,client_oc_target_dirty,client_readahead_max_bytes,client_readahead_max_periods,client_readahead_min,ms_async_max_op_threads,ms_async_op_threads,osd_bench_max_block_size,osd_bench_small_size_max_iops,osd_pool_default_cache_max_evict_check_size,osd_pool_default_cache_min_evict_age,osd_pool_default_cache_min_flush_age,osd_pool_default_cache_target_dirty_high_ratio,osd_pool_default_cache_target_dirty_ratio,osd_pool_default_cache_target_full_ratio,osd_target_transaction_size,osd_tier_default_cache_hit_set_count,osd_tier_default_cache_hit_set_grade_decay_rate,osd_tier_default_cache_hit_set_period,osd_tier_default_cache_hit_set_search_last_n,osd_tier_default_cache_min_read_recency_for_promote,osd_tier_default_cache_min_write_recency_for_promote,rbd_cache,rbd_cache_block_writes_upfront,rbd_cache_max_dirty,rbd_cache_max_dirty_age,rbd_cache_max_dirty_object,rbd_cache_size,rbd_cache_target_dirty,rbd_cache_writethrough_until_flush,rbd_enable_alloc_hint,rbd_non_blocking_aio,rbd_readahead_disable_after_bytes,rbd_readahead_max_bytes,Average IOPS
5073758471,0.237356,1.93236,109214,1.4804,11149,39169,3.07648,92551,91892,62.0177,1004682,11.0569,1.47471,0.932359,28,5.57648,3017992,1.11314,34,7.01768,5.63336,18.4589,11555.5,52.3021,7.01768,2.48924,6.53728,3845,0,11,1,5,2150,3.76864,8672.65,0.576479,84177,32206.1,16725.7,24,109,58,24,3.37356,525350,1.24904,2,2,3,0.570791,0.757263,1.29962,2.14158,0.847655,0.193064,1.67256,5,5,5,0,0,1,1,1,0,0,6,6,6,5,5,1,0,4,533,0.237356,1,0,64,160,128,87135672,138,24,71046,2400,97128402,0.96618,40166,1,104884966,7.01768,10548,509735590,12021610,1024,22,463880,28,24,80013290,563,56,10,10,1.11883,0.890007,1.25158,53,10,56,2430,5,5,5,1,1,50004410,1.4804,5,5135406,24031386,1,1,1,80007050,1253394,353
5073751831,1.18919,4.12891,85539,3.92101,12159,39033,6.00521,100135,89999,72.2682,1015516,16.4262,3.37839,3.12891,24,8.50521,3029674,3.21207,33,17.2682,13.9314,36.0313,51972.5,89.3994,17.2682,10.0551,14.3472,3035,1,11,0,5,2118,7.67362,12090.0,3.50521,84503,68815.8,50894.7,24,142,52,23,12.8919,529997,7.59463,2,2,3,2.96259,3.58837,3.83785,6.92518,3.62995,1.16882,5.08942,5,5,5,1,0,0,0,0,0,0,6,6,6,5,5,0,0,4,546,1.18919,1,0,64,175,135,87140091,135,24,59200,2400,97120026,2.06446,49080,0,104868637,17.2682,10963,509716029,12019965,1024,23,474839,24,24,80013021,556,59,10,10,3.75469,3.37943,3.54575,73,9,62,3486,5,5,5,1,0,50007477,3.92101,5,5128706,24025748,1,1,1,80022884,1266497,348
5073745415,0.318245,2.11903,89603,1.68781,12170,37137,3.32537,107943,116623,62.8888,1008158,11.5132,1.63649,1.11903,25,5.82537,3026654,1.29151,36,7.88879,6.33855,19.9522,14990.2,55.4547,7.88879,3.1322,7.20098,3590,1,11,1,5,2120,4.10049,8963.07,0.825369,82059,35317.2,19629.4,24,115,53,21,4.18245,524402,1.7883,2,2,3,0.774051,0.997857,1.51532,2.5481,1.0841,0.275985,1.96293,5,5,5,1,0,0,1,0,0,0,6,6,6,5,5,0,1,4,574,0.318245,0,1,64,141,135,87134136,131,24,69388,2400,97120543,1.05951,46971,1,104868465,7.88879,10477,509734924,12027935,1024,21,476326,24,24,80030787,593,56,10,10,1.34283,1.10156,1.44654,77,8,68,3135,5,5,5,1,0,50006973,1.68781,5,5138629,24002297,1,0,1,80025578,1262069,351
5073771489,1.32626,4.44521,103556,4.27245,12311,32122,6.42694,105462,91720,73.7443,1031494,17.1994,3.65251,3.44521,20,8.92694,3021617,3.51431,30,18.7443,15.1263,38.5617,57792.5,94.7413,18.7443,11.1446,15.4719,3552,1,11,1,5,2048,8.23593,12582.1,3.92694,81775,74087.5,55815.0,24,130,53,23,14.2626,512588,8.50838,2,2,3,3.307,3.99605,4.20335,7.61401,4.0306,1.30933,5.58144,5,5,5,1,1,0,0,0,1,1,6,6,6,5,5,1,1,4,527,1.32626,1,0,64,187,134,87125011,129,24,55030,2400,97131081,2.2226,37425,0,104870555,18.7443,10962,509746397,12021331,1024,22,481438,24,24,80002964,525,51,10,10,4.13425,3.7379,3.87611,71,8,65,2658,5,5,5,1,0,50030352,4.27245,5,5147939,24017736,1,1,1,80018258,1267699,355
5073762200,0.160683,1.75542,87022,1.2838,10242,39574,2.84056,105560,100167,61.192,1020541,10.6244,1.32137,0.755423,26,5.34056,3031815,0.944071,32,6.19198,4.96493,17.0434,8299.85,49.3138,6.19198,1.87979,5.90817,3216,1,10,1,5,2089,3.45409,8397.38,0.340565,89213,29257.1,13973.3,24,114,58,23,2.60683,508372,0.73789,2,2,3,0.378128,0.529212,1.09516,1.75626,0.623536,0.114465,1.39733,5,5,5,1,0,1,0,1,0,1,6,6,6,5,5,1,1,4,557,0.160683,1,1,64,134,135,87116003,149,24,76091,2400,97136760,0.877712,39591,0,104889888,6.19198,10027,509743557,12025875,1024,22,482024,28,24,80026142,562,56,10,10,0.906508,0.68948,1.06678,67,8,51,2587,5,5,5,1,0,50027605,1.2838,5,5120400,24007955,0,1,1,80017697,1251209,350
5073744287,1.3679,4.5413,109120,4.37922,8960,33005,6.55507,86565,90536,74.1927,1023150,17.4343,3.73579,3.5413,29,9.05507,3030633,3.60613,34,19.1927,15.4894,39.3304,59560.6,96.3642,19.1927,11.4756,15.8135,3861,0,10,1,5,2109,8.40676,12731.6,4.05507,83865,75689.0,57309.8,24,142,58,20,14.679,502580,8.78598,2,2,3,3.41164,4.1199,4.31439,7.82328,4.15231,1.35201,5.73091,5,5,5,1,0,0,0,0,1,0,6,6,6,5,5,0,0,4,541,1.3679,1,0,64,176,143,87121880,149,24,57315,2400,97109122,2.27065,44405,1,104881232,19.1927,10469,509747716,12026635,1024,22,478920,27,24,80029218,513,57,10,10,4.24956,3.84681,3.97647,51,8,69,3342,5,5,5,0,0,50009985,4.37922,5,5137047,24018790,0,1,1,80008294,1252590,348
5073768265,0.662208,2.91279,89015,2.56976,10681,29294,4.38372,99199,94283,66.593,1022284,13.4535,2.32442,1.91279,28,6.88372,3015064,2.05,36,11.593,9.3372,26.3023,29595.6,68.8604,11.593,5.86627,10.0232,3738,1,10,1,5,2157,5.51162,10198.0,1.88372,83402,48546.8,39559.6,24,148,56,22,9.73434,523292,5.48956,2,2,3,2.16914,2.64919,2.99582,5.33828,2.70696,0.845126,3.95592,5,5,5,0,0,0,1,0,1,1,6,6,6,5,5,0,1,4,500,0.873434,1,1,64,161,130,87121227,134,24,65611,2400,97122987,1.70012,34694,0,104875894,13.8678,10677,509724068,12022594,1024,21,452427,27,24,80007962,597,54,10,10,2.88028,2.5536,2.78469,54,11,53,2601,5,5,5,1,1,50007970,3.11137,5,5120108,24024992,0,0,1,80027711,1252631,356
5073774274,0.567511,2.69426,92900,2.32695,8811,44307,4.09234,113534,98698,65.5732,1000918,12.9193,2.13502,1.69426,20,6.59234,3011648,1.84118,32,10.5732,8.51163,24.554,25574.6,65.1696,10.5732,5.11355,9.24624,3328,0,10,0,5,2155,5.12312,9858.0,1.59234,89986,44904.5,28577.6,24,119,59,24,6.67511,521732,3.45007,2,2,3,1.40041,1.73926,2.18003,3.80082,1.81272,0.531515,2.85773,5,5,5,0,1,1,1,1,0,0,6,6,6,5,5,0,1,4,584,0.567511,0,0,64,158,128,87111498,148,24,52275,2400,97122605,1.34713,39589,1,104872086,10.5732,10759,509718832,12001353,1024,20,475311,26,24,80005641,586,56,10,10,2.03311,1.75349,2.04733,51,8,52,2661,5,5,5,0,1,50011177,2.32695,5,5130465,24027038,0,0,1,80016497,1270818,355
5073757029,1.3638,4.53185,85368,4.36873,12971,40263,6.54247,111474,90407,74.1486,1014291,17.4112,3.72761,3.53185,29,9.04247,3015256,3.5971,37,19.1486,15.4537,39.2548,59386.8,96.2046,19.1486,11.4431,15.7799,3761,1,11,1,5,2118,8.38996,12716.9,4.04247,89012,75531.6,57162.8,24,144,52,20,14.638,518129,8.75869,2,2,3,3.40135,4.10772,4.30347,7.8027,4.14035,1.34782,5.71622,5,5,5,0,1,0,0,1,1,0,6,6,6,5,5,1,1,4,505,1.3638,0,1,64,139,143,87129274,128,24,75232,2400,97132758,2.26593,44438,0,104877403,19.1486,10982,509732526,12024035,1024,20,471133,26,24,80022848,581,53,10,10,4.23822,3.8361,3.9666,53,9,66,2504,5,5,5,0,1,50003500,4.36873,5,5120348,24027370,1,0,0,80029784,1255768,351
5073762022,1.35511,4.5118,88957,4.34645,12984,37709,6.51573,115958,108792,74.0551,1012752,17.3622,3.71023,3.5118,21,9.01573,3018051,3.57794,34,19.0551,15.3779,39.0944,59017.8,95.866,19.0551,11.374,15.7086,3530,0,11,0,5,2082,8.35431,12685.7,4.01573,80954,75197.3,56850.9,24,143,56,22,14.5511,515310,8.70076,2,2,3,3.37952,4.08188,4.2803,7.75903,4.11495,1.33891,5.68502,5,5,5,0,1,1,0,0,1,1,6,6,6,5,5,1,1,4,555,1.35511,0,0,64,145,131,87136894,127,24,52204,2400,97116229,2.2559,36461,1,104857615,19.0551,10573,509745602,12016644,1024,22,478632,24,24,80003407,520,54,10,10,4.21416,3.81337,3.94566,61,8,57,2684,5,5,5,0,1,50016286,4.34645,5,5137705,24016039,1,1,0,80029011,1243976,355
5073763484,0.264879,1.99587,113954,1.55097,9556,28993,3.16117,106519,106105,62.3141,1012509,11.2121,1.52976,0.995874,25,5.66117,3029798,1.17384,38,7.31408,5.8733,18.967,12724.2,53.3748,7.31408,2.70801,6.76311,3646,0,11,1,5,2147,3.88155,8771.47,0.661166,84026,33264.7,17713.7,24,139,57,23,3.64879,512738,1.43253,2,2,3,0.639952,0.839127,1.37301,2.2799,0.928108,0.221278,1.77136,5,5,5,0,1,0,1,0,0,1,6,6,6,5,5,0,0,4,594,0.264879,1,1,64,162,131,87134085,127,24,53890,2400,97131487,0.997937,47272,0,104874743,7.31408,10080,509736559,12011375,1024,21,468568,27,24,80019177,552,53,10,10,1.19505,0.961991,1.31791,73,9,63,3344,5,5,5,0,0,50024220,1.55097,5,5127945,24017292,1,1,0,80015098,1248925,355
5073771206,1.2179,4.19516,110004,3.99462,9737,40397,6.09354,88334,94642,72.5774,1028948,16.5882,3.4358,3.19516,20,8.59354,3023364,3.27537,34,17.5774,14.1817,36.5613,53191.5,90.5182,17.5774,10.2833,14.5828,3036,0,10,0,5,2092,7.79139,12193.1,3.59354,83544,69919.9,51925.3,24,101,59,21,13.179,527093,7.78601,2,2,3,3.03473,3.67376,3.9144,7.06945,3.71387,1.19825,5.19247,5,5,5,1,1,1,0,0,1,0,6,6,6,5,5,1,0,4,526,1.2179,0,0,64,155,141,87113508,136,24,77757,2400,97136416,2.09758,37100,0,104885679,17.5774,10959,509742755,12011147,1024,23,451741,28,24,80025500,591,54,10,10,3.83419,3.45451,3.61494,60,11,57,3208,5,5,5,1,1,50009128,3.99462,5,5138338,24027007,0,0,1,80013644,1257624,354
5073749489,1.65822,5.21129,104996,5.12365,8932,34801,7.44838,116696,106090,77.3193,1025441,19.072,4.31645,4.21129,20,9.94838,3020875,4.24634,33,22.3193,18.0204,44.6903,71888.5,107.68,22.3193,13.7833,18.1957,3920,1,10,0,5,2164,9.59785,13773.9,4.94838,87287,86855.6,67732.0,24,127,56,22,17.5822,515026,10.7215,2,2,3,4.14118,4.98344,5.0886,9.28236,5.00097,1.64964,6.77312,5,5,5,1,0,1,0,0,0,1,6,6,6,5,5,1,0,4,509,1.65822,1,0,64,175,135,87123833,139,24,62998,2400,97119540,2.60564,40354,1,104870082,22.3193,10469,509730129,12012128,1024,22,482483,27,24,80026243,573,59,10,10,5.05355,4.60613,4.67623,69,9,51,3334,5,5,5,0,0,50030854,5.12365,5,5136499,24031646,1,1,0,80017326,1262637,349
5073753183,1.36404,4.5324,96226,4.36933,8320,37419,6.5432,106829,110482,74.1512,1003163,17.4125,3.72808,3.5324,24,9.0432,3019107,3.59762,39,19.1512,15.4557,39.2592,59396.8,96.2138,19.1512,11.4449,15.7819,3915,1,10,0,5,2105,8.39093,12717.7,4.0432,80062,75540.6,57171.3,24,141,54,22,14.6404,504719,8.76026,2,2,3,3.40194,4.10842,4.3041,7.80389,4.14104,1.34806,5.71706,5,5,5,1,0,1,0,0,0,1,6,6,6,5,5,1,0,4,533,1.36404,1,1,64,139,128,87118649,125,24,59153,2400,97120828,2.2662,48978,1,104885301,19.1512,10991,509719027,12002841,1024,21,482380,27,24,80003262,511,53,10,10,4.23888,3.83672,3.96717,78,10,56,2768,5,5,5,1,1,50007649,4.36933,5,5147303,24008493,0,1,0,80013595,1247309,356
5073762608,1.35004,4.5001,95088,4.33344,11859,28172,6.50013,106379,112184,74.0005,1016536,17.3336,3.70009,3.5001,25,9.00013,3008811,3.56676,37,19.0005,15.3337,39.0008,58802.5,95.6683,19.0005,11.3337,15.667,3793,1,11,1,5,2069,8.33351,12667.5,4.00013,80536,75002.3,56668.9,24,102,56,23,14.5004,515498,8.66695,2,2,3,3.36677,4.06679,4.26678,7.73355,4.10012,1.33371,5.66682,5,5,5,1,0,1,1,0,0,0,6,6,6,5,5,1,0,4,500,1.35004,0,1,64,179,128,87123083,130,24,57899,2400,97134403,2.25005,40015,0,104861446,19.0005,10242,509731404,12014316,1024,23,471845,26,24,80005584,507,51,10,10,4.20012,3.80011,3.93344,77,9,69,2807,5,5,5,0,0,50001110,4.33344,5,5135107,24027326,1,0,0,80000688,1269539,348
5073772050,0.363484,2.22342,99545,1.8038,12893,39805,3.46457,91111,100788,63.376,1009195,11.7684,1.72697,1.22342,24,5.96457,3029695,1.39127,32,8.37598,6.73294,20.7874,16911.2,57.2178,22.8061,14.1426,18.5665,3053,1,10,0,5,2173,9.78326,13936.2,5.08745,85132,88593.9,69354.4,24,111,53,23,18.0342,516621,11.0228,2,2,3,4.25475,5.11787,5.20912,9.5095,5.13307,1.69597,6.93535,5,5,5,1,0,1,0,0,1,1,6,6,6,5,5,1,0,4,531,1.70342,0,0,64,181,135,87121367,136,24,82690,2400,97116469,2.65779,37810,0,104886771,22.8061,10828,509742433,12004197,1024,21,474472,24,24,80010272,551,53,10,10,5.1787,4.72433,4.78517,74,9,56,3206,5,5,5,0,1,50028694,5.23954,5,5127349,24022060,0,0,1,80031253,1244800,345
5073771287,1.00632,3.7069,95333,3.45211,9763,37190,5.44254,88661,111428,70.2989,1021815,15.3947,3.01265,2.7069,20,7.94254,3024633,2.80882,30,15.2989,12.3372,32.6552,44207.5,82.2721,15.2989,8.60155,12.8468,3871,1,10,0,5,2123,6.92338,11433.4,2.94254,88328,61782.2,44330.1,24,123,56,24,11.0632,510943,6.3755,2,2,3,2.50307,3.04445,3.3502,6.00614,3.09541,0.981355,4.43296,5,5,5,0,1,1,0,1,1,0,6,6,6,5,5,0,1,4,517,1.00632,1,1,64,143,128,87114396,124,24,61202,2400,97130364,1.85345,43617,1,104875408,15.2989,10667,509728671,12017229,1024,21,480739,24,24,80029181,565,57,10,10,3.24828,2.90116,3.10499,67,9,62,2653,5,5,5,1,1,50028243,3.45211,5,5146583,24022509,1,0,1,80030632,1257124,349
5073744664,1.97104,5.93318,114920,5.92575,10505,33506,8.4109,98480,88751,80.6882,1001644,20.8367,4.94209,4.93318,20,10.9109,3014552,4.93615,38,25.6882,20.7476,50.4654,85171.4,119.871,25.6882,16.2698,20.7624,3543,1,11,1,5,2135,10.8812,14897.0,5.9109,80442,98887.2,78961.5,24,119,53,20,20.7104,505604,12.807,2,2,3,4.92724,5.91387,5.92278,10.8545,5.91536,1.97032,7.89605,5,5,5,1,1,1,0,1,1,0,6,6,6,5,5,1,0,4,559,1.97104,1,1,64,144,130,87128543,135,24,65205,2400,97118272,2.96659,49076,0,104888952,25.6882,10075,509721186,12011758,1024,21,459770,26,24,80028732,551,57,10,10,5.91981,5.42427,5.43021,69,9,50,2652,5,5,5,1,0,50004238,5.92575,5,5149567,24016032,0,1,1,80013359,1271147,353
5073754652,1.69616,5.29883,113331,5.22092,9674,40118,7.5651,91865,99913,77.7279,1018530,19.286,4.39232,4.29883,23,10.0651,3007943,4.32999,34,22.7279,18.3511,45.3906,73499.2,109.158,22.7279,14.0848,18.5069,3931,1,10,0,5,2081,9.75347,13910.1,5.0651,82692,88314.6,69093.7,24,127,57,23,17.9616,530435,10.9744,2,2,3,4.2365,5.09626,5.18975,9.473,5.11185,1.68852,6.90928,5,5,5,0,1,0,1,1,0,1,6,6,6,5,5,0,1,4,589,1.69616,1,0,64,178,133,87117519,138,24,64816,2400,97111626,2.64941,48480,0,104870624,22.7279,10497,509737358,12006020,1024,21,451213,28,24,80015143,501,57,10,10,5.15859,4.70534,4.76766,62,9,59,3502,5,5,5,1,0,50004045,5.22092,5,5121068,24028563,1,1,0,80011437,1248688,350
5073743243,0.138456,1.70413,93983,1.22681,8179,30614,2.77217,104454,91501,60.9526,1025910,10.499,1.27691,0.704129,23,5.27217,3003908,0.895056,39,5.9526,4.77115,16.633,7356.01,48.4475,5.9526,1.70311,5.72579,3113,1,11,0,5,2149,3.3629,8317.58,0.272172,84942,28402.2,13175.4,24,133,50,21,2.38456,509293,0.589705,2,2,3,0.322273,0.463099,1.03588,1.64455,0.558563,0.0916785,1.31753,5,5,5,1,0,1,0,0,1,0,6,6,6,5,5,1,1,4,587,0.138456,1,1,64,147,143,87122982,144,24,80543,2400,97111390,0.852064,41842,0,104888206,5.9526,10301,509746366,12024839,1024,23,473691,24,24,80001925,544,52,10,10,1.13556,0.905809,1.26614,50,11,69,2406,5,5,5,1,1,50010905,1.49589,5,5148631,24014935,1,0,1,80028168,1243648,349
5073755322,1.60565,5.08996,107600,4.98884,11679,28697,7.28661,114297,113700,76.7531,1032494,18.7754,4.2113,4.08996,26,9.78661,3001699,4.1304,37,21.7531,17.5621,43.7196,69656.0,105.63,21.7531,13.3654,17.7643,3482,0,10,0,5,2120,9.38214,13585.2,4.78661,86367,84833.4,65844.6,24,145,50,24,17.0565,512008,10.371,2,2,3,4.00906,4.82705,4.94839,9.01813,4.84728,1.59574,6.58438,5,5,5,1,0,1,1,1,0,0,6,6,6,5,5,0,1,4,592,1.60565,0,0,64,139,130,87132207,147,24,58108,2400,97133526,2.54498,36290,1,104878929,21.7531,10224,509722611,12012740,1024,20,480858,25,24,80031379,574,52,10,10,4.90795,4.46862,4.54951,67,10,59,3035,5,5,5,0,0,50029634,4.98884,5,5134768,24024311,1,0,0,80005080,1262955,357
5073756756,1.20934,4.1754,114701,3.97266,8030,33565,6.0672,108558,98429,72.4852,1004153,16.5399,3.41868,3.1754,28,8.5672,3012268,3.25649,32,17.4852,14.1071,36.4032,52827.9,90.1845,17.4852,10.2153,14.5125,3347,1,10,0,5,2108,7.75626,12162.3,3.5672,80831,69590.5,51617.9,24,112,51,20,13.0934,511499,7.72893,2,2,3,3.01321,3.64829,3.89157,7.02642,3.68884,1.18947,5.16173,5,5,5,0,1,1,0,1,0,1,6,6,6,5,5,0,0,4,544,1.20934,0,1,64,133,134,87116930,128,24,55704,2400,97132308,2.0877,45589,1,104859121,17.4852,10930,509725595,12000178,1024,22,459607,28,24,80013379,581,59,10,10,3.81048,3.43212,3.5943,56,10,56,2672,5,5,5,0,1,50011621,3.97266,5,5130274,24031959,0,0,0,80014117,1264863,348
5073772650,1.28532,4.35073,89244,4.16748,10271,39144,6.30098,105667,109116,73.3034,1019695,16.9685,3.57063,3.35073,20,8.80098,3012352,3.42403,38,18.3034,14.7694,37.8059,56054.1,93.1457,18.3034,10.8192,15.1359,3181,0,10,1,5,2063,8.06797,12435.1,3.80098,81015,72512.8,54345.4,24,125,54,21,13.8532,513679,8.23545,2,2,3,3.20413,3.87428,4.09418,7.40826,3.91093,1.26736,5.43447,5,5,5,1,0,1,0,1,1,0,6,6,6,5,5,1,1,4,519,1.28532,1,1,64,136,143,87121285,137,24,57554,2400,97110646,2.17537,48854,1,104879341,18.3034,10602,509737524,12013287,1024,23,467999,28,24,80028690,550,51,10,10,4.02088,3.63083,3.77743,61,8,58,3128,5,5,5,1,0,50028215,4.16748,5,5122961,24001205,1,0,0,80029329,1244648,351
5073747531,1.80293,5.54523,100074,5.4947,9357,36308,7.89364,98281,97217,78.8777,1021841,19.8883,4.60586,4.54523,21,10.3936,3032285,4.56544,34,23.8777,19.282,47.3618,78033.1,113.319,23.8777,14.9336,19.383,3765,1,10,0,5,2105,10.1915,14293.5,5.39364,89939,92421.4,72926.7,24,125,51,23,19.0293,517091,11.6862,2,2,3,4.5048,5.41385,5.47449,10.0096,5.42396,1.79798,7.29258,5,5,5,1,1,0,1,1,0,0,6,6,6,5,5,0,0,4,589,1.80293,1,0,64,128,133,87125512,141,24,62561,2400,97138740,2.77261,36897,0,104864904,23.8777,10542,509738160,12029361,1024,21,458756,26,24,80014029,531,51,10,10,5.45427,4.98459,5.02502,61,11,58,3041,5,5,5,1,1,50017573,5.4947,5,5142175,24002277,1,1,0,80022516,1272499,352
5073765818,1.8215,5.58808,114225,5.54231,10110,38352,7.95078,91995,117675,79.0777,1019386,19.9931,4.643,4.58808,27,10.4508,3009719,4.60639,34,24.0777,19.4439,47.7047,78821.6,114.043,24.0777,15.0812,19.5354,3801,0,10,0,5,2125,10.2677,14360.1,5.45078,82146,93135.6,73593.3,24,120,52,21,19.215,520057,11.81,2,2,3,4.55147,5.46908,5.52401,10.1029,5.47824,1.81702,7.35924,5,5,5,1,1,1,1,1,0,1,6,6,6,5,5,1,1,4,549,1.8215,1,1,64,180,139,87114517,150,24,62132,2400,97112312,2.79404,34898,1,104886235,24.0777,10730,509736149,12006200,1024,22,458517,27,24,80029862,569,52,10,10,5.5057,5.03316,5.06977,73,11,67,3429,5,5,5,1,1,50026972,5.54231,5,5134294,24022393,1,1,1,80003253,1266953,357
5073744089,1.13721,4.00895,117386,3.78773,10202,42184,5.84527,97556,99392,71.7084,1011138,16.133,3.27443,3.00895,26,8.34527,3030500,3.09744,32,16.7084,13.4783,35.0716,49765.3,87.3734,16.7084,9.64195,13.9207,3354,1,10,1,5,2145,7.46036,11903.4,3.34527,86510,66816.4,49028.7,24,143,56,20,12.3721,512930,7.24809,2,2,3,2.83197,3.43376,3.69924,6.66394,3.47801,1.11553,4.90282,5,5,5,0,1,0,1,0,0,1,6,6,6,5,5,1,0,4,512,1.13721,0,1,64,190,132,87109585,125,24,60065,2400,97138114,2.00448,42179,0,104865336,16.7084,10321,509743702,12013081,1024,22,452991,26,24,80025610,532,59,10,10,3.61074,3.24348,3.42046,73,8,67,3339,5,5,5,0,1,50031721,3.78773,5,5141536,24015080,0,0,0,80024433,1252939,346
5073759071,0.0745017,1.55654,103829,1.06282,8893,36634,2.57539,87635,102920,60.2639,1015500,10.1382,1.149,0.556542,21,5.07539,3016342,0.754029,34,5.26386,4.2136,15.4523,4640.39,45.9549,5.26386,1.19476,5.20104,3312,1,11,1,5,2126,3.10052,8087.97,0.0753899,89671,25942.4,10879.6,24,135,57,20,1.74502,501802,0.163345,2,2,3,0.161568,0.272877,0.865338,1.32314,0.37162,0.0261174,1.08795,5,5,5,1,0,1,0,0,0,1,6,6,6,5,5,1,0,4,532,0.0745017,1,0,64,130,131,87112805,140,24,51234,2400,97136156,0.778271,47642,0,104863288,5.26386,10357,509720880,12027326,1024,20,466726,24,24,80016802,599,52,10,10,0.667851,0.464081,0.859055,52,9,52,2879,5,5,5,1,1,50013131,1.06282,5,5131133,24015515,1,0,1,80003536,1243320,346
5073760049,1.50785,4.86426,92451,4.73807,8761,32531,6.98568,99865,108927,75.6999,1030896,18.2237,4.01569,3.86426,29,9.48568,3019246,3.91474,34,20.6999,16.7094,41.9141,65503.1,101.819,20.6999,12.588,16.9618,3916,1,11,1,5,2103,8.98091,13234.0,4.48568,86476,81071.7,62333.7,24,124,53,23,16.0785,530690,9.71897,2,2,3,3.7633,4.53616,4.68759,8.52661,4.5614,1.49548,6.23329,5,5,5,1,1,0,1,0,1,1,6,6,6,5,5,0,1,4,549,1.50785,0,1,64,134,136,87124693,142,24,64547,2400,97137685,2.43213,38346,1,104859511,20.6999,10732,509728590,12028458,1024,23,465315,26,24,80032187,552,50,10,10,4.63711,4.21283,4.31378,79,9,65,3380,5,5,5,0,1,50014435,4.73807,5,5143726,24021653,0,1,1,80000438,1269683,359
5073765556,1.01174,3.7194,99550,3.466,9717,43114,5.4592,98182,95720,70.3572,1027151,15.4252,3.02348,2.7194,27,7.9592,3014679,2.82076,35,15.3572,12.3844,32.7552,44437.5,82.4832,15.3572,8.6446,12.8912,3161,0,10,0,5,2089,6.9456,11452.9,1.26285,80055,40785.9,24733.5,24,127,54,23,5.60427,522919,2.73618,2,2,3,1.13133,1.42076,1.89447,3.26266,1.49971,0.42174,2.47333,5,5,5,1,1,0,0,0,0,1,6,6,6,5,5,0,1,4,508,0.460427,0,1,64,185,139,87112305,133,24,66533,2400,97119659,1.22357,49073,1,104870875,9.41999,10667,509743491,12004734,1024,23,464788,28,24,80012843,556,55,10,10,1.73657,1.47342,1.78923,51,11,63,2580,5,5,5,0,1,50030475,2.05238,5,5135151,24006691,0,1,0,80008881,1250582,342
5073774129,1.12976,3.99174,108763,3.7686,11170,35521,5.82232,116597,107694,71.6281,1016168,16.0909,3.25951,2.99174,20,8.32232,3003184,3.081,39,16.6281,13.4132,34.9339,49448.6,87.0828,16.6281,9.58267,13.8595,3994,1,11,0,5,2099,7.42976,11876.6,3.32232,80285,66529.6,48761.0,24,117,54,23,12.2976,505727,7.19837,2,2,3,2.81323,3.41158,3.67935,6.62646,3.45621,1.10789,4.87604,5,5,5,1,1,0,1,0,1,0,6,6,6,5,5,1,0,4,577,1.12976,1,0,64,149,131,87115955,123,24,62992,2400,97136068,1.99587,34667,1,104881573,16.6281,10280,509743066,12000775,1024,20,460478,28,24,80014927,578,59,10,10,3.59009,3.22397,3.40249,78,11,66,3029,5,5,5,1,1,50013574,3.7686,5,5149645,24010844,1,1,1,80032272,1266984,350
5073753803,0.120165,1.66192,100642,1.17991,9667,28741,2.71589,92863,88104,60.7556,1010813,10.3958,1.24033,0.661919,20,5.21589,3006527,0.854723,36,5.75562,4.61169,16.2954,6579.35,47.7346,5.75562,1.55772,5.57571,3708,0,10,0,5,2122,3.28786,8251.91,0.215892,85375,27698.7,12518.8,24,142,51,24,2.20165,508471,0.467766,2,2,3,0.276312,0.408696,0.987106,1.55262,0.505097,0.072928,1.25187,5,5,5,1,1,0,1,0,0,1,6,6,6,5,5,1,0,4,513,0.120165,0,1,64,129,139,87132984,148,24,77374,2400,97132077,0.83096,41086,0,104882535,5.75562,10634,509723419,12025128,1024,20,464810,25,24,80027439,526,55,10,10,0.794303,0.583508,0.969115,50,8,59,3354,5,5,5,1,1,50020724,1.17991,5,5120594,24027676,0,0,1,80015886,1252587,342
5073746293,1.04188,3.78895,104041,3.54327,12763,36128,5.55193,89277,114064,70.6817,1010019,15.5952,3.08375,2.78895,24,8.05193,3026009,2.88721,39,15.6817,12.6471,33.3116,45717.1,83.6577,15.6817,8.88414,13.1385,3790,1,10,1,5,2146,7.06924,11561.1,3.05193,88298,63149.6,45606.3,24,143,53,24,11.4188,501163,6.61251,2,2,3,2.59241,3.1502,3.445,6.18481,3.19933,1.0178,4.56058,5,5,5,0,0,0,1,0,1,0,6,6,6,5,5,1,1,4,550,1.04188,1,1,64,174,135,87118217,135,24,69879,2400,97116150,1.89447,50062,1,104882941,15.6817,10192,509726556,12023809,1024,20,454204,24,24,80023522,565,54,10,10,3.34673,2.99414,3.19068,67,11,52,3374,5,5,5,0,0,50007292,3.54327,5,5135650,24009947,0,0,1,80012827,1250628,356
5073752893,0.336878,2.16203,98888,1.73558,11655,35395,3.3827,101809,107356,63.0895,1003661,11.6183,1.67376,1.16203,21,5.8827,3031005,1.3326,30,8.08945,6.50099,20.2962,15781.4,56.1809,8.08945,3.28031,7.35387,3041,0,11,1,5,2061,4.17693,9029.97,0.882701,82266,36033.9,20298.3,24,121,55,23,4.36878,505555,1.91252,2,2,3,0.820873,1.05328,1.56501,2.64175,1.13857,0.295087,2.02982,5,5,5,1,1,0,1,1,0,1,6,6,6,5,5,0,1,4,545,0.336878,0,0,64,167,140,87113413,131,24,58078,2400,97124954,1.08101,37230,1,104879048,8.08945,10047,509715730,12031578,1024,20,464304,24,24,80021414,505,56,10,10,1.39443,1.1503,1.49145,56,10,62,3358,5,5,5,1,1,50024726,1.73558,5,5121051,24016238,0,1,0,80028738,1249528,348
5073750720,1.37345,4.55413,93408,4.39347,10708,28432,6.57217,92412,87649,74.2526,1003627,17.4656,3.74691,3.55413,29,9.07217,3008566,3.61839,38,19.2526,15.5378,39.433,59796.6,96.5808,19.2526,11.5198,15.8591,3190,0,10,1,5,2066,8.42956,12751.5,4.07217,80767,75902.8,57509.3,24,148,50,20,14.7345,506806,8.82303,2,2,3,3.4256,4.13643,4.32921,7.85121,4.16856,1.35771,5.75086,5,5,5,0,0,1,1,0,0,0,6,6,6,5,5,0,1,4,569,1.37345,1,1,64,178,133,87130020,137,24,74774,2400,97128312,2.27706,47832,0,104878462,19.2526,10958,509719534,12009567,1024,21,481546,24,24,80011702,531,52,10,10,4.26495,3.86134,3.98987,72,10,64,3384,5,5,5,0,1,50001644,4.39347,5,5129482,24026209,0,1,1,80019528,1242887,350
5073769830,0.740458,3.09337,104066,2.77041,12716,28213,4.62449,97418,99194,67.4357,1025892,13.8949,2.48092,2.09337,27,7.12449,3000470,2.22255,33,12.4357,10.0194,27.7469,32918.3,71.9102,12.4357,6.48826,10.6653,3427,1,11,0,5,2071,5.83265,10478.9,2.12449,83780,51556.4,34786.0,24,122,59,22,8.40458,517223,4.60305,2,2,3,1.835,2.25367,2.64122,4.67,2.31826,0.708808,3.47857,5,5,5,1,1,1,0,0,1,0,6,6,6,5,5,0,0,4,567,0.740458,1,1,64,177,139,87139959,123,24,54492,2400,97126367,1.54668,46213,1,104889654,12.4357,10943,509726597,12000548,1024,22,474621,25,24,80018471,536,59,10,10,2.51204,2.20581,2.46418,53,8,60,3494,5,5,5,1,0,50021585,2.77041,5,5131501,24004707,0,0,0,80012319,1263028,357
5073765182,0.591768,2.75023,105310,2.38915,9601,38312,4.16698,111106,89361,65.8344,1004663,13.0561,2.18354,1.75023,24,6.66698,3011381,1.89467,35,10.8344,8.72311,25.0019,26604.6,66.1151,10.8344,5.30636,9.44528,3850,0,11,0,5,2139,5.22264,9945.09,1.66698,80994,45837.5,29448.4,24,138,53,20,6.91768,507302,3.61179,2,2,3,1.46137,1.81141,2.24472,3.92273,1.88363,0.556382,2.94481,5,5,5,1,1,0,0,0,0,0,6,6,6,5,5,0,1,4,560,0.591768,1,0,64,182,132,87117843,139,24,57991,2400,97113706,1.37512,35658,0,104881394,10.8344,10903,509730764,12000700,1024,20,452263,28,24,80009464,535,56,10,10,2.10028,1.81693,2.1058,61,10,57,3418,5,5,5,0,1,50013793,2.38915,5,5127691,24032400,1,0,0,80001682,1265223,351
5073770472,1.04964,3.80687,86624,3.56319,11297,35839,5.57582,87153,105284,70.7654,1011163,15.639,3.09928,2.80687,26,8.07582,3030528,2.90434,36,15.7654,12.7148,33.4549,46046.9,83.9604,15.7654,8.94588,13.2022,3772,1,10,0,5,2098,7.1011,11589.0,3.07582,85088,63448.3,45885.1,24,138,57,24,11.4964,509274,6.66428,2,2,3,2.61192,3.1733,3.46571,6.22384,3.22203,1.02576,4.58846,5,5,5,0,1,1,0,1,0,1,6,6,6,5,5,1,1,4,547,1.04964,0,1,64,157,142,87113609,133,24,77241,2400,97135184,1.90343,42856,0,104889865,15.7654,10612,509744985,12014661,1024,21,455868,25,24,80025636,514,58,10,10,3.36824,3.01445,3.20939,52,8,63,2814,5,5,5,1,1,50011805,3.56319,5,5152455,24027618,1,1,0,80006561,1260654,350
5073755851,0.922561,3.5136,116258,3.23734,12845,31739,5.1848,100567,112101,60.7269,1029096,10.3808,1.235,0.65577,27,5.20769,3000304,0.848847,35,5.72693,4.58846,16.2462,6466.2,47.6308,5.72693,1.53654,5.55385,3050,1,10,1,5,2156,3.27692,8242.34,0.207693,86658,27596.2,12423.1,24,107,50,20,2.175,510227,0.450002,2,2,3,0.269616,0.40077,0.980001,1.53923,0.497309,0.0701965,1.24231,5,5,5,0,0,0,0,0,0,0,6,6,6,5,5,0,1,4,536,0.1175,0,1,64,188,143,87116935,124,24,75058,2400,97127231,0.827885,48401,0,104865338,5.72693,10180,509738121,12017867,1024,23,454136,28,24,80003681,595,59,10,10,0.786924,0.576539,0.962693,58,8,69,2932,5,5,5,0,1,50027989,1.17308,5,5143754,24028497,1,1,1,80010685,1270676,346
5073744936,1.72747,5.37108,106045,5.3012,9305,37652,7.66144,100055,114857,78.0651,1014509,19.4626,4.45494,4.37108,23,10.1614,3010271,4.39903,37,23.0651,18.6241,45.9687,74828.8,110.378,23.0651,14.3337,18.7639,3029,0,11,0,5,2104,9.88193,14022.5,5.16144,87534,89518.9,70217.7,24,101,55,21,18.2747,512341,11.1831,2,2,3,4.31518,5.1894,5.27325,9.63036,5.20337,1.72062,7.02168,5,5,5,1,1,0,0,1,1,1,6,6,6,5,5,0,0,4,558,1.72747,0,0,64,187,137,87135341,137,24,50797,2400,97130913,2.68554,42811,1,104881660,23.0651,10100,509740381,12024802,1024,20,468693,27,24,80010127,521,53,10,10,5.2453,4.78723,4.84313,62,10,61,2407,5,5,5,1,0,50032192,5.3012,5,5138347,24020843,1,0,1,80005381,1272617,354
5073760725,0.150279,1.73141,101853,1.25713,11472,35270,2.80855,112212,109554,61.0799,1002486,10.5657,1.30056,0.731413,21,5.30855,3022538,0.921128,31,6.07993,4.87423,16.8513,7858.06,48.9083,6.07993,1.79709,5.8228,3080,1,11,1,5,2130,3.4114,8360.03,0.308551,87817,28856.9,13599.8,24,106,57,20,2.50279,522117,0.668528,2,2,3,0.351984,0.498266,1.06741,1.70397,0.593124,0.103799,1.35998,5,5,5,1,1,1,0,1,0,0,6,6,6,5,5,0,1,4,579,0.150279,1,1,64,138,134,87115906,121,24,55066,2400,97137340,0.865707,45672,0,104883394,6.07993,10412,509745117,12029019,1024,20,469355,24,24,80010284,527,54,10,10,0.877696,0.662269,1.0417,58,10,56,2650,5,5,5,1,1,50029904,1.25713,5,5134676,24026077,0,1,1,80030195,1250238,349
5073752949,0.207535,1.86354,91446,1.40394,8999,41074,2.98472,92665,109648,61.6965,1010526,10.8887,1.41507,0.863543,28,5.48472,3007467,1.04739,35,6.69654,5.37339,17.9083,10289.3,51.1398,6.69654,2.2522,6.2926,3397,0,11,1,5,2056,3.6463,8565.59,0.484724,84714,31059.1,15655.2,24,107,50,22,3.07535,528130,1.05024,2,2,3,0.495858,0.668567,1.22009,1.99172,0.760488,0.162494,1.56551,5,5,5,1,0,1,1,0,0,0,6,6,6,5,5,0,0,4,534,0.207535,0,0,64,137,130,87137660,125,24,74268,2400,97135847,0.931772,48624,0,104877949,6.69654,10726,509728591,12027498,1024,21,474921,26,24,80000658,535,57,10,10,1.03625,0.812016,1.1797,69,9,58,3057,5,5,5,0,1,50001995,1.40394,5,5142120,24018354,1,1,0,80029167,1244525,352
5073751167,0.637081,2.8548,97031,2.50534,12165,44085,4.3064,88968,107454,66.3224,1013133,13.3117,2.27416,1.8548,27,6.8064,3007053,1.99459,38,11.3224,9.11815,25.8384,28528.7,67.8811,11.3224,5.66654,9.81708,3176,0,11,0,5,2075,5.40854,10107.8,1.8064,80936,47580.4,31075.0,24,148,51,22,7.37081,500783,3.91388,2,2,3,1.57523,1.94619,2.36555,4.15046,2.01608,1.51838,6.3135,5,5,5,0,1,1,1,0,1,0,6,6,6,5,5,1,0,4,543,1.53019,1,1,64,136,133,87112751,130,24,78499,2400,97133260,2.45791,39631,1,104875283,20.9405,10185,509731088,12016380,1024,20,462708,24,24,80007571,522,58,10,10,4.69898,4.27126,4.36763,51,10,59,3009,5,5,5,0,0,50029468,4.79535,5,5127751,24025910,1,0,0,80024803,1262315,356
5073765175,0.0857484,1.5825,88448,1.09166,8197,41090,2.61,90174,116067,60.385,1026129,10.2017,1.1715,0.582496,21,5.11,3019841,0.77883,32,5.38498,4.31165,15.66,5117.95,46.3933,5.38498,1.28415,5.29332,3543,0,11,1,5,2119,3.14666,8128.35,0.109995,85034,26375.0,11283.3,24,143,57,20,1.85748,501598,0.238323,2,2,3,0.189829,0.306329,0.895329,1.37966,0.404495,0.0376467,1.12833,5,5,5,0,0,1,0,1,1,1,6,6,6,5,5,0,1,4,585,0.0857484,1,0,64,139,140,87116314,147,24,72064,2400,97127139,0.791248,34135,0,104884618,5.38498,10944,509719145,12019021,1024,23,462642,26,24,80021654,560,57,10,10,0.698996,0.493496,0.886163,61,10,62,3389,5,5,5,1,1,50031973,1.09166,5,5145611,24010740,0,1,1,80030060,1245893,350
5073749270,1.42119,4.66429,105321,4.51588,11611,30271,6.71906,93225,118705,74.7667,1005884,17.7349,3.84239,3.66429,21,9.21906,3013587,3.72366,31,19.7667,15.954,40.3143,61823.7,98.4414,19.7667,11.8992,16.2508,3332,0,11,1,5,2092,8.62541,12922.9,4.21906,88165,77738.9,59223.0,24,122,51,24,15.2119,504329,9.14129,2,2,3,3.54556,4.27842,4.45652,8.09112,4.3081,1.40665,5.92223,5,5,5,0,0,1,0,1,1,1,6,6,6,5,5,0,1,4,512,1.42119,0,1,64,134,136,87120865,132,24,61565,2400,97123720,2.33215,38108,1,104859442,19.7667,10397,509728901,12019750,1024,21,464944,27,24,80029002,580,51,10,10,4.39715,3.9862,4.10493,66,8,51,3384,5,5,5,1,0,50007379,4.51588,5,5131455,24027509,1,1,0,80006818,1246401,350
5073754598,1.10127,3.926,115106,3.69556,10021,29458,5.73467,111211,88138,71.3213,1002849,15.9302,3.20254,2.926,29,8.23467,3021906,3.01818,36,16.3213,13.1649,34.408,48239.0,85.9725,16.3213,9.35623,13.6258,3680,0,10,1,5,2164,7.31289,11774.3,3.23467,87059,65433.9,47738.3,24,100,57,20,12.0127,515980,7.00845,2,2,3,2.74165,3.32685,3.60338,6.48329,3.37294,1.07868,4.77378,5,5,5,1,1,0,1,0,1,0,6,6,6,5,5,0,0,4,529,1.10127,1,0,64,131,142,87122713,138,24,74251,2400,97135312,1.963,43179,1,104878636,16.3213,10599,509740072,12016519,1024,20,462536,28,24,80018865,520,58,10,10,3.5112,3.14947,3.33382,60,8,66,2978,5,5,5,1,0,50031222,3.69556,5,5136419,24021047,1,0,0,80019586,1241841,349
5073763347,1.40629,4.6299,102073,4.47766,8442,33655,6.6732,101235,101385,74.6062,1006650,17.6509,3.81258,3.6299,26,9.1732,3031894,3.69079,34,19.6062,15.8241,40.0392,61190.8,97.8605,19.6062,11.7808,16.1285,3679,1,11,1,5,2049,8.56426,12869.4,4.1732,82592,77165.6,58688.0,24,109,50,24,15.0629,514570,9.04192,2,2,3,3.50811,4.23409,4.41677,8.01622,4.26454,1.39137,5.86873,5,5,5,0,1,0,0,0,1,0,6,6,6,5,5,0,0,4,528,1.40629,1,1,64,156,143,87141449,150,24,67284,2400,97110103,2.31495,43515,0,104867106,19.6062,10636,509731348,12029808,1024,20,466866,25,24,80029022,564,59,10,10,4.35588,3.94722,4.069,71,8,62,2999,5,5,5,1,1,50026613,4.47766,5,5131539,24025707,1,0,0,80008144,1253820,351
5073771127,0.0922085,1.5974,114077,1.10823,12272,30211,2.62987,95256,103848,60.4546,1018372,10.2381,1.18442,0.597404,27,5.12987,3029058,0.793075,31,5.45455,4.36797,15.7792,5392.26,46.6451,5.45455,1.3355,5.34633,3503,0,11,0,5,2126,3.17316,8151.54,0.129872,82535,26623.4,11515.2,24,119,56,23,1.92209,526775,0.28139,2,2,3,0.206062,0.325543,0.912556,1.41212,0.423379,0.0442691,1.15152,5,5,5,1,1,1,1,0,1,0,6,6,6,5,5,1,0,4,553,0.0922085,0,0,64,189,137,87123172,121,24,57170,2400,97117767,0.798702,36350,0,104876316,5.45455,10191,509719444,12002025,1024,20,471006,25,24,80030743,573,58,10,10,0.716885,0.510392,0.901733,76,10,62,3451,5,5,5,1,1,50013720,1.10823,5,5132958,24024771,1,0,0,80032102,1268546,346
5073757747,0.672046,2.93549,93783,2.59499,12454,36182,4.41399,116055,104498,66.699,1008440,13.509,2.34409,1.93549,26,6.91399,3004048,2.07169,37,11.699,9.42296,26.4839,30013.3,69.2438,11.699,5.94446,10.104,3720,1,10,1,5,2109,5.55198,10233.3,1.91399,81323,48925.1,32330.2,24,120,52,22,7.72046,520878,4.14697,2,2,3,1.66309,2.05019,2.45879,4.32618,2.11829,0.638676,3.23298,5,5,5,1,0,0,0,1,0,1,6,6,6,5,5,0,0,4,593,0.672046,1,1,64,182,128,87113376,131,24,65068,2400,97124573,1.46774,39920,0,104888946,11.699,10223,509733449,12018641,1024,23,464194,24,24,80003731,550,51,10,10,2.32259,2.02689,2.29929,69,8,63,3428,5,5,5,1,1,50024398,2.59499,5,5137287,24005323,1,0,0,80018377,1245202,357
5073773130,0.358778,2.21257,98044,1.79174,8020,37116,3.45009,101734,98277,63.3253,1015242,11.7418,1.71756,1.21257,26,5.95009,3004479,1.3809,34,8.3253,6.69191,20.7005,16711.4,57.0344,8.3253,3.45439,7.53357,3601,1,11,1,5,2096,4.26678,9108.59,0.950087,87071,36876.2,21084.5,24,129,54,21,4.58778,527609,2.05852,2,2,3,0.875904,1.11842,1.62341,2.75181,1.20258,0.317537,2.10843,5,5,5,1,0,0,1,1,0,1,6,6,6,5,5,1,1,4,586,0.358778,0,1,64,175,136,87135759,151,24,67918,2400,97123403,1.10628,41728,1,104881660,8.3253,10849,509725756,12017860,1024,21,476829,26,24,80005285,504,56,10,10,1.45508,1.20757,1.54423,58,10,67,2473,5,5,5,0,1,50015530,1.79174,5,5126097,24008169,0,0,0,80013410,1256250,349
5073754872,0.111833,1.64269,110409,1.15855,11472,35163,2.69026,106468,104754,60.6659,1016109,10.3488,1.22367,0.642691,25,5.19026,3007206,0.836349,35,5.66589,4.53906,16.1415,6225.55,47.4099,5.66589,1.49149,5.50735,3181,0,11,1,5,2053,3.25367,8222.0,0.190255,81920,27378.2,12219.7,24,124,54,24,2.11833,502052,0.412219,2,2,3,0.255375,0.383913,0.964888,1.51075,0.480742,0.0643867,1.22196,5,5,5,1,1,1,0,0,1,0,6,6,6,5,5,0,0,4,547,0.111833,1,1,64,142,141,87122286,121,24,55253,2400,97124317,0.821346,39767,1,104857789,5.66589,10743,509719710,12009296,1024,20,476394,26,24,80007895,506,54,10,10,0.77123,0.561717,0.949033,74,11,51,2658,5,5,5,1,1,50020793,1.15855,5,5129751,24026776,1,0,0,80024497,1264800,351
5073762479,1.51279,4.87567,105473,4.75074,10776,40863,7.00089,97043,89678,75.7531,1028502,18.2516,4.02558,3.87567,23,9.50089,3012200,3.92564,30,20.7531,12.5664,33.1405,45323.7,83.2966,15.582,8.8105,13.0625,3923,1,11,1,5,2111,7.03123,11527.8,3.02342,89801,62793.2,45273.7,24,113,58,24,11.3261,526880,6.55074,2,2,3,2.56913,3.12264,3.4203,6.13825,3.17225,1.0083,4.52732,5,5,5,1,0,0,0,0,0,0,6,6,6,5,5,1,1,4,514,1.03261,1,1,64,168,134,87125019,122,24,72369,2400,97125261,1.88378,42862,1,104888806,15.582,10933,509737455,12006495,1024,21,459554,25,24,80018105,595,54,10,10,3.32108,2.96991,3.16835,78,8,58,2416,5,5,5,0,0,50013700,3.51952,5,5125195,24019517,1,1,1,80000550,1250325,349
5073746449,1.42584,4.67501,94296,4.52779,8567,37756,6.73335,100960,93095,74.8167,1011408,17.7611,3.85167,3.67501,23,9.23335,3032528,3.7339,37,19.8167,15.9945,40.4001,62020.9,98.6224,19.8167,11.9361,16.2889,3715,0,11,0,5,2075,8.64446,12939.6,4.23335,89013,77917.5,59389.7,24,149,58,20,15.2584,516347,9.17225,2,2,3,3.55723,4.29223,4.4689,8.11446,4.32168,1.41141,5.9389,5,5,5,0,0,1,0,1,1,0,6,6,6,5,5,1,1,4,515,1.42584,0,0,64,138,135,87128178,125,24,69196,2400,97114511,2.3375,39392,1,104865136,19.8167,10627,509736071,12005820,1024,20,471505,24,24,80020940,552,54,10,10,4.41001,3.99834,4.11612,65,11,69,3596,5,5,5,1,0,50006142,4.52779,5,5137546,24023076,1,0,0,80018516,1252537,353
5073742667,0.294804,2.06493,105187,1.6277,11973,39767,3.25324,107026,105798,62.6363,1031058,11.3809,1.58961,1.06493,25,5.75324,3030978,1.23982,31,7.63635,6.13419,19.5195,13994.9,54.5411,7.63635,2.94588,7.00865,3377,0,10,1,5,2160,4.00432,8878.91,0.753242,84717,34415.7,18788.0,24,113,57,20,3.94804,526835,1.63203,2,2,3,0.715148,0.928134,1.45281,2.4303,1.01558,0.251955,1.87878,5,5,5,0,1,1,1,1,0,1,6,6,6,5,5,0,0,4,511,0.294804,1,0,64,142,140,87112478,122,24,78693,2400,97111714,1.03247,44567,1,104860057,7.63635,10463,509718855,12024222,1024,20,463443,27,24,80028383,570,56,10,10,1.27792,1.04026,1.39004,69,8,60,3215,5,5,5,1,0,50022770,1.6277,5,5136937,24018859,1,1,0,80024640,1249017,356
5073757092,0.345757,2.18252,97253,1.75835,10668,39179,3.41002,108355,97406,63.1851,1020521,11.6684,1.69151,1.18252,27,5.91002,3024142,1.35218,32,8.18508,6.5784,20.4601,16158.5,56.5269,8.18508,3.35089,7.42673,3209,1,11,1,5,2074,4.21336,9061.84,0.910022,80324,36375.4,20617.1,24,128,53,20,4.45757,509551,1.97171,2,2,3,0.843185,1.07969,1.58869,2.68637,1.16452,0.304189,2.06169,5,5,5,1,1,0,0,0,1,1,6,6,6,5,5,1,1,4,508,0.345757,0,1,64,135,133,87131724,124,24,75962,2400,97110706,1.09126,49326,0,104886354,8.18508,10540,509734340,12006362,1024,20,458209,24,24,80026076,517,57,10,10,1.41902,1.17352,1.51285,61,9,55,3127,5,5,5,0,0,50002111,1.75835,5,5123889,24002661,1,1,1,80021168,1258959,346
5073770085,1.43858,4.70442,107444,4.56047,10363,38309,6.77256,113943,97089,74.954,1031646,17.833,3.87716,3.70442,21,9.27256,3014710,3.762,37,19.954,16.1056,40.6354,62562.1,99.1191,19.954,12.0375,16.3935,3801,1,11,0,5,2090,8.69675,12985.4,4.27256,86801,78407.7,59847.3,24,123,57,20,15.3858,514987,9.25722,2,2,3,3.58926,4.33014,4.50289,8.17852,4.35893,1.42448,5.98465,5,5,5,0,1,1,1,1,1,0,6,6,6,5,5,1,0,4,504,1.43858,1,0,64,141,142,87140254,145,24,75505,2400,97121106,2.35221,45989,1,104874409,19.954,10974,509743294,12022439,1024,23,478294,28,24,80008756,514,56,10,10,4.44531,1.73674,2.0319,53,10,52,2694,5,5,5,1,0,50007690,2.31053,5,5150286,24007974,1,1,0,80030589,1268725,351
5073767466,0.971177,3.62579,94651,3.36199,10802,43199,5.33439,108796,106055,69.9204,1027916,15.1964,2.94235,2.62579,20,7.83439,3031032,2.73131,37,14.9204,12.0308,32.0063,42715.0,80.9023,14.9204,8.32217,12.5584,3938,0,11,1,5,2071,6.77919,11307.3,2.83439,89723,60430.3,43068.3,24,143,50,24,10.7118,501840,6.14118,2,2,3,2.41475,2.93991,3.25647,5.8295,2.99267,0.945324,4.30679,5,5,5,0,1,0,1,1,1,1,6,6,6,5,5,1,0,4,561,0.971177,1,0,64,163,134,87131649,120,24,70123,2400,97122484,1.8129,37824,1,104877489,14.9204,10680,509719010,12009322,1024,21,467144,25,24,80025310,533,52,10,10,3.15095,2.80923,3.02027,74,10,53,2568,5,5,5,1,0,50014343,3.36199,5,5127426,24007227,0,1,1,80007232,1253185,348
5073767120,1.57104,5.0101,117067,4.90011,12934,38047,7.18013,114261,99278,76.3805,1018822,18.5802,4.14209,4.0101,25,9.68013,3008201,4.05409,32,21.3805,17.2604,43.0808,68186.6,104.282,21.3805,13.0903,17.4804,3636,0,11,0,5,2073,9.24018,13460.9,4.68013,83337,83502.4,64602.3,24,136,59,21,16.7104,512761,10.1403,2,2,3,3.92211,4.72413,4.85611,8.84422,4.74613,1.56026,6.46015,5,5,5,0,0,1,0,1,0,1,6,6,6,5,5,0,1,4,513,1.57104,1,1,64,184,140,87140481,131,24,54028,2400,97136295,2.50505,36179,0,104865141,21.3805,10853,509723354,12020185,1024,22,473821,28,24,80026756,527,53,10,10,4.81212,4.37811,4.4661,74,9,69,3168,5,5,5,0,0,50018077,4.90011,5,5146936,24003456,0,0,1,80012823,1249842,355
5073754867,0.29495,2.06527,96502,1.62808,8974,30251,3.25369,97886,103558,62.6379,1031842,11.3818,1.5899,1.06527,21,5.75369,3017842,1.24015,37,7.63792,6.13546,19.5221,14001.1,54.5468,7.63792,2.94703,7.00984,3344,0,11,1,5,2137,4.00492,8879.43,0.753691,81223,34421.3,18793.2,24,148,54,24,3.9495,516709,1.633,2,2,3,0.715514,0.928568,1.4532,2.43103,1.01601,0.252105,1.87931,5,5,5,1,1,0,0,1,0,0,6,6,6,5,5,0,1,4,506,0.29495,1,0,64,146,133,87113262,147,24,77765,2400,97130337,1.03263,38866,0,104861218,7.63792,10615,509727636,12027788,1024,23,464086,25,24,80020493,558,54,10,10,1.27832,1.04064,1.39039,61,8,59,2923,5,5,5,0,0,50032135,1.62808,5,5152363,24012066,0,1,0,80010689,1266352,345
5073768790,0.670808,2.93263,93612,2.59182,9309,33962,4.41018,93136,91481,66.6856,1011061,13.502,2.34162,1.93263,22,6.91018,3023460,2.06896,33,11.6856,9.41218,26.4611,29960.8,69.1956,11.6856,5.93463,10.0938,3379,0,10,1,5,2119,5.54691,10228.9,1.91018,83950,48877.6,32285.8,24,114,55,23,7.70808,507382,4.13872,2,2,3,1.65998,2.04651,2.45549,4.31996,2.11467,0.637408,3.22854,5,5,5,0,0,0,0,0,1,0,6,6,6,5,5,0,0,4,525,0.670808,0,0,64,131,128,87125802,126,24,74859,2400,97130033,1.46632,42662,1,104878032,11.6856,10843,509725138,12019527,1024,20,461928,28,24,80017534,536,54,10,10,2.31916,2.02365,2.29631,65,10,51,3143,5,5,5,0,0,50007606,2.59182,5,5152607,24020786,1,1,1,80023820,1262475,352
5073759396,1.87652,5.71505,87760,5.68338,12259,30347,8.12006,105189,104521,79.6702,1028946,20.3034,4.75304,4.71505,22,10.6201,3020574,4.72771,33,24.6702,19.9235,48.7204,81157.8,116.187,24.6702,15.5185,19.9868,3794,1,10,1,5,2094,10.4934,14557.7,5.62006,88692,95251.7,75568.3,24,123,51,21,19.7652,506722,12.1768,2,2,3,4.68972,5.63273,5.67072,10.3794,5.63906,1.87342,7.55674,5,5,5,1,1,1,1,1,0,0,6,6,6,5,5,1,1,4,587,1.87652,1,1,64,190,138,87112460,145,24,53104,2400,97119267,2.85752,37702,0,104867272,24.6702,10296,509740482,12024973,1024,23,467407,26,24,80023430,523,55,10,10,5.65806,5.17705,5.20238,73,10,67,2707,5,5,5,0,1,50013992,5.68338,5,5132246,24003841,1,0,0,80010261,1241893,354
5073756104,1.50146,4.84952,104357,4.72169,8448,36687,6.96603,113743,111899,75.6311,1001964,18.1877,4.00292,3.84952,25,9.46603,3004560,3.90065,35,20.6311,16.6537,41.7962,65231.9,101.57,20.6311,12.5372,16.9094,3794,1,11,0,5,2103,8.9547,13211.1,4.46603,81594,80826.1,62104.4,24,145,57,21,16.0146,508078,9.67639,2,2,3,3.74725,4.51716,4.67056,8.49451,4.54273,1.48893,6.21036,5,5,5,1,0,0,0,1,1,0,6,6,6,5,5,1,0,4,580,1.50146,0,0,64,191,141,87110274,143,24,61791,2400,97128637,2.42476,38548,1,104881822,20.6311,10314,509717532,12015944,1024,21,480767,26,24,80009304,590,52,10,10,4.61942,4.19612,4.29839,68,8,68,3268,5,5,5,1,1,50019932,4.72169,5,5123115,24005097,1,1,1,80007239,1245639,347
5073764562,1.16179,4.06567,116895,3.85075,11016,38420,5.9209,92840,94667,71.9731,1021244,16.2716,3.32358,3.06567,27,8.4209,3026751,3.15164,31,16.9731,13.6925,35.5254,50808.9,88.3313,16.9731,9.83731,14.1224,3545,1,10,1,5,2048,7.56119,11991.6,3.4209,82180,67761.8,49911.0,24,126,57,22,12.6179,523863,7.41194,2,2,3,2.89373,3.50687,3.76478,6.78746,3.54985,1.14073,4.99104,5,5,5,0,1,1,1,0,1,0,6,6,6,5,5,1,1,4,533,1.16179,0,1,64,185,139,87118767,121,24,59291,2400,97120066,2.03284,42866,0,104876479,16.9731,10263,509730641,12006287,1024,20,454130,24,24,80023995,503,54,10,10,3.67881,3.30776,3.4797,70,8,52,3436,5,5,5,1,1,50005387,3.85075,5,5123180,24014835,1,0,0,80031908,1271617,354
5073743806,1.00403,3.70162,87995,3.44624,10842,38579,5.43549,99499,108143,70.2742,1021754,15.3817,3.00807,2.70162,24,7.93549,3030699,2.80377,30,15.2742,12.3172,32.6129,44110.3,82.1829,15.2742,8.58335,12.828,3281,1,10,1,5,2110,6.91399,11425.2,2.93549,87756,61694.1,44247.9,24,113,55,24,11.0403,509099,6.36023,2,2,3,2.49732,3.03764,3.34409,5.99464,3.08872,0.979008,4.42474,5,5,5,1,1,1,0,0,1,1,6,6,6,5,5,0,1,4,546,1.00403,0,0,64,159,129,87125723,150,24,53877,2400,97128389,1.85081,42523,1,104878080,15.2742,10157,509741744,12031185,1024,22,470360,27,24,80002833,504,58,10,10,3.24194,2.89517,3.09947,72,9,50,3025,5,5,5,1,1,50021670,3.44624,5,5131947,24024876,1,1,1,80025846,1263905,352
5073764665,0.914092,3.49406,106963,3.21562,8477,39956,5.15875,90155,96857,69.3056,1000904,14.8744,2.82818,2.49406,23,7.65875,3000949,2.60543,34,14.3056,11.5331,30.9525,40291.1,78.6774,14.3056,7.86843,12.09,3351,1,11,0,5,2079,6.54499,11102.3,2.65875,88450,58234.8,41019.1,24,148,52,23,10.1409,500024,5.76062,2,2,3,2.27131,3.64082,3.88487,7.0138,3.68149,1.1869,5.15271,5,5,5,1,1,1,1,1,0,0,6,6,6,5,5,0,0,4,561,1.20683,0,0,64,134,137,87116444,127,24,71159,2400,97121124,2.0848,47468,1,104881139,17.4581,10829,509739450,12002341,1024,21,450748,27,24,80007680,568,58,10,10,3.80352,3.42555,3.58825,64,11,64,2530,5,5,5,0,0,50015376,3.96622,5,5145003,24022415,0,0,0,80005150,1264715,352
5073773262,1.08577,3.89025,89861,3.65583,11066,42650,5.687,114149,86098,71.1545,1021814,15.8428,3.17155,2.89025,27,8.187,3009384,2.98401,33,16.1545,13.0298,34.122,47581.1,85.3686,16.1545,9.23307,13.4987,3152,1,10,1,5,2066,7.24933,11718.7,3.187,82263,64838.0,47182.2,24,126,53,21,11.8577,524104,6.90516,2,2,3,2.70271,3.28076,3.56206,6.40543,3.32765,1.0628,4.71816,5,5,5,0,1,0,0,0,0,1,6,6,6,5,5,1,0,4,546,1.08577,0,1,64,172,139,87132982,139,24,60068,2400,97140519,1.94512,42027,0,104879939,16.1545,10499,509745025,12028895,1024,20,464922,26,24,80026768,566,57,10,10,3.4683,3.10895,3.29648,75,8,63,2860,5,5,5,1,0,50009748,3.65583,5,5144467,24022512,0,1,1,80011119,1241805,348
5073754454,0.672861,2.93737,96830,2.59708,10065,36820,4.4165,86739,100234,66.7077,1002250,13.5136,2.34572,1.93737,29,6.9165,3025589,2.07349,37,11.7077,9.43007,26.499,30048.0,69.2756,11.7077,5.95095,10.1107,3553,0,11,1,5,2080,5.55533,10236.2,1.9165,87202,48956.5,32359.4,24,113,53,24,7.72861,518174,4.15241,2,2,3,1.66514,2.05261,2.46096,4.33028,2.12067,0.639513,3.23591,5,5,5,1,0,0,0,1,0,0,6,6,6,5,5,0,0,4,570,0.672861,1,1,64,157,131,87129238,148,24,60942,2400,97116654,1.46869,45912,0,104883656,11.7077,10351,509719095,12006403,1024,22,450201,24,24,80030890,576,59,10,10,2.32485,2.02902,2.30126,78,11,59,3385,5,5,5,0,1,50028116,2.59708,5,5126332,24025662,1,1,1,80027451,1271258,357
5073744128,0.478152,2.48804,88810,2.09782,8790,44047,3.81739,85099,116122,64.6109,1003540,12.4152,1.9563,1.48804,28,6.31739,3031513,1.64413,37,9.61086,7.7326,22.9043,21780.2,61.6869,9.61086,4.40326,8.51304,3361,1,11,1,5,2126,4.75652,9537.17,1.31739,85536,41467.6,25369.8,24,140,52,21,5.78152,524449,2.85434,2,2,3,1.17587,1.47348,1.94174,3.35174,1.55152,0.43991,2.53695,5,5,5,0,0,1,0,0,0,1,6,6,6,5,5,1,1,4,546,0.478152,1,1,64,177,128,87122741,148,24,56702,2400,97116364,1.24402,48360,1,104859151,9.61086,10959,509735847,12005267,1024,23,462367,24,24,80015658,581,54,10,10,1.78565,1.51978,1.83196,54,11,54,2452,5,5,5,0,1,50013528,2.09782,5,5126808,24004110,1,1,0,80003445,1241650,354
5073768085,0.964772,3.61101,101664,3.34557,10438,44005,5.31468,103698,98990,69.8514,1024775,15.1603,2.92954,2.61101,20,7.81468,3026477,2.71719,35,14.8514,11.9749,31.8881,42443.1,80.6527,14.8514,8.27127,12.5058,3069,1,11,1,5,2059,6.75291,11284.3,2.81468,82163,60184.0,42838.4,24,134,54,21,10.6477,511903,6.09848,2,2,3,2.39866,2.92086,3.23939,5.79732,2.97395,0.938759,4.2838,5,5,5,0,0,0,0,0,1,1,6,6,6,5,5,1,0,4,548,0.964772,1,0,64,167,136,87111418,135,24,66573,2400,97116862,1.80551,40891,1,104865430,14.8514,10381,509742278,12020712,1024,23,474699,27,24,80021208,535,56,10,10,3.13322,2.79248,3.00484,67,8,64,3115,5,5,5,1,1,50001377,3.34557,5,5129845,24032335,0,0,0,80006971,1258588,351
5073766472,0.66202,2.91235,91064,2.56928,11977,38662,4.38314,99965,92014,66.591,1021653,13.4524,2.32404,1.91235,23,6.88314,3024083,2.04958,37,11.591,9.33556,26.2988,29587.6,68.8531,11.591,5.86478,10.0217,3030,1,10,0,5,2092,5.51085,10197.3,1.88314,89542,48539.6,31970.3,24,134,50,20,7.6202,523419,4.08014,2,2,3,1.6379,2.02037,2.43205,4.2758,2.08898,0.628399,3.197,5,5,5,0,0,1,1,0,1,0,6,6,6,5,5,0,0,4,521,0.66202,0,1,64,139,132,87136732,149,24,78899,2400,97111537,1.45618,48359,1,104864226,11.591,10199,509747223,12006311,1024,23,465743,27,24,80023713,503,58,10,10,2.29483,2.00067,2.27513,62,11,51,3430,5,5,5,0,0,50003847,2.56928,5,5145890,24012421,0,1,0,80024609,1252053,351
5073758124,1.69107,5.28708,103908,5.20787,12988,29230,7.54944,102318,104480,77.673,1029820,19.2573,4.38214,4.28708,25,10.0494,3010764,4.31877,31,22.673,18.3068,45.2967,73283.1,108.96,22.673,14.0444,18.4652,3434,1,10,1,5,2139,9.73259,13891.9,5.04944,81625,88118.9,68911.0,24,118,59,23,17.9107,526065,10.9405,2,2,3,4.22371,5.08113,5.17618,9.44742,5.09697,1.68331,6.89102,5,5,5,1,1,0,0,1,1,0,6,6,6,5,5,1,0,4,596,1.69107,1,0,64,163,128,87110476,132,24,72656,2400,97125663,2.64354,37558,0,104868571,22.673,10893,509738908,12013472,1024,20,452626,28,24,80000914,518,55,10,10,5.1445,4.69203,4.7554,52,8,60,2991,5,5,5,0,1,50017317,5.20787,5,5150998,24021474,0,1,0,80021934,1251390,353
5073768180,0.294542,2.06433,104554,1.62703,12711,42539,3.25244,109492,106354,62.6335,1030486,11.3795,1.58908,1.06433,22,5.75244,3007049,1.23925,31,7.63353,6.1319,19.5146,13983.7,54.5309,7.63353,2.94379,7.0065,3779,0,11,0,5,2065,4.00325,8877.97,0.752436,80218,34405.6,18778.5,24,101,50,24,3.94542,517133,1.63028,2,2,3,0.714489,0.927355,1.45211,2.42898,1.01481,0.251687,1.87784,5,5,5,1,0,1,1,0,0,0,6,6,6,5,5,1,1,4,568,0.294542,0,0,64,187,143,87126305,148,24,71694,2400,97136125,1.03216,40745,1,104862906,7.63353,10020,509743915,12017776,1024,23,466098,24,24,80015590,505,50,10,10,1.27719,1.03957,1.38941,57,10,53,3191,5,5,5,1,1,50003643,1.62703,5,5136162,24022431,0,1,1,80007127,1265748,350
5073743904,1.6401,5.16947,91994,5.07719,11210,43176,7.39262,85278,111845,77.1242,1008253,18.9698,4.28021,4.16947,27,9.89262,3032071,4.20638,34,22.1242,17.8624,44.3557,71119.0,106.973,22.1242,13.6393,18.047,3215,0,11,1,5,2084,9.5235,13708.9,4.89262,87522,86158.6,67081.4,24,138,57,24,17.401,508097,10.6007,2,2,3,4.09564,4.92954,5.04027,9.19129,4.94799,1.63106,6.70806,5,5,5,1,1,0,0,0,1,0,6,6,6,5,5,1,1,4,521,1.6401,1,0,64,147,135,87128258,131,24,58260,2400,97108955,2.58473,45898,1,104859621,22.1242,10754,509738276,12003505,1024,22,480991,26,24,80025075,526,56,10,10,5.00336,4.55873,4.63256,56,9,57,2994,5,5,5,1,0,50029493,5.07719,5,5142827,24016414,1,0,1,80012148,1248061,350
5073744304,0.838298,3.31915,101177,3.02128,12105,42084,4.92553,89073,93155,68.4894,1031803,14.4468,2.6766,2.31915,27,7.42553,3001603,2.4383,39,13.4894,10.8723,44.2332,70837.2,106.715,22.0527,13.5865,17.9925,3540,1,10,0,5,2136,9.49627,13685.0,4.8722,87160,85903.3,66843.2,24,120,55,23,17.3347,501289,10.5564,2,2,3,4.07897,4.9098,5.02258,9.15793,4.92859,1.62426,6.68424,5,5,5,1,1,1,1,1,0,0,6,6,6,5,5,0,0,4,521,1.63347,0,1,64,190,139,87109915,125,24,62453,2400,97138797,2.57708,43819,0,104885831,22.0527,10488,509719431,12014662,1024,22,461855,28,24,80029048,578,55,10,10,4.98498,4.54137,4.61656,61,11,64,3256,5,5,5,0,1,50013425,5.06017,5,5140329,24010125,1,0,0,80005816,1248346,358
5073755438,1.33972,4.47629,111051,4.30699,10969,30414,6.46838,90630,115959,73.8893,1024602,17.2754,3.67945,3.47629,24,8.96838,3031155,3.54401,38,18.8893,15.2438,38.8103,58364.4,95.2662,18.8893,11.2517,15.5824,3916,1,10,1,5,2077,8.29118,12630.4,3.96838,83675,74605.5,56298.5,24,104,51,22,14.3972,530213,8.59817,2,2,3,3.34085,4.0361,4.23927,7.68169,4.06997,1.32313,5.62978,5,5,5,1,1,1,0,0,1,0,6,6,6,5,5,0,0,4,597,1.33972,1,0,64,153,139,87118340,133,24,63474,2400,97117999,2.23814,47761,0,104872122,18.8893,10601,509721163,12020042,1024,22,467709,26,24,80030897,587,56,10,10,4.17155,3.77313,3.90857,53,8,53,2836,5,5,5,0,1,50028389,4.30699,5,5150110,24025568,1,0,0,80014139,1242224,354
5073744887,0.589956,2.74605,94495,2.3845,12350,39797,4.1614,94006,97096,65.8149,1023532,13.0459,2.17991,1.74605,26,6.6614,3023262,1.89067,31,10.8149,8.70731,24.9684,26527.7,66.0445,10.8149,5.29196,9.43041,3190,1,11,0,5,2123,5.21521,9938.58,1.6614,81560,45767.8,29383.3,24,102,57,24,6.89956,530244,3.59971,2,2,3,1.45681,1.80602,2.23988,3.91363,1.87833,0.554525,2.93831,5,5,5,0,1,0,0,1,0,1,6,6,6,5,5,0,1,4,544,0.589956,0,0,64,182,139,87131360,135,24,65250,2400,97111359,1.37303,46098,0,104869128,10.8149,10412,509743586,12026017,1024,23,464865,24,24,80017200,513,52,10,10,2.09526,1.81219,2.10143,51,8,63,3010,5,5,5,1,1,50010841,2.3845,5,5131468,24011794,0,1,0,80007878,1264807,353
5073747173,0.0562269,1.51437,110952,1.01597,10471,33606,2.51916,91557,98899,60.0671,1013777,10.0351,1.11245,0.51437,29,5.01916,3001109,0.713731,38,5.06706,4.05429,15.115,3864.41,45.2427,5.06706,1.0495,5.05109,3616,1,10,0,5,2060,3.02555,8022.36,0.0191598,88836,25239.5,10223.5,24,143,53,20,1.56227,512561,0.0415129,2,2,3,0.115647,0.218521,0.816605,1.23129,0.318202,0.0073834,1.02235,5,5,5,1,1,1,1,0,0,1,6,6,6,5,5,0,0,4,542,0.0562269,0,0,64,164,128,87117976,127,24,62145,2400,97134884,0.757185,41868,1,104880163,5.06706,10777,509744645,12021122,1024,20,466046,24,24,80004959,518,57,10,10,0.617244,0.416286,0.815009,53,10,69,2599,5,5,5,1,0,50020145,1.01597,5,5135525,24010338,0,1,0,80029495,1261336,351
5073758225,1.91353,5.80045,94108,5.77827,12557,44237,8.23393,90640,90568,80.0688,1010627,20.5122,4.82705,4.80045,26,10.7339,3017640,4.80932,33,25.0688,20.2461,49.4036,82729.2,117.63,25.0688,15.8127,20.2905,3792,0,10,1,5,2071,10.6452,14690.5,5.73393,82118,96675.1,76896.8,24,145,50,24,20.1353,512627,12.4235,2,2,3,4.78271,5.7428,5.76941,10.5654,5.74723,1.91135,7.68958,5,5,5,1,1,1,0,1,0,0,6,6,6,5,5,0,0,4,590,1.91353,0,1,64,143,141,87129680,122,24,64137,2400,97129362,2.90022,44764,1,104883432,25.0688,10364,509723723,12026668,1024,22,454763,27,24,80018452,508,58,10,10,5.76054,5.27384,5.29158,72,9,54,3551,5,5,5,0,1,50027279,5.77827,5,5136021,24017928,1,1,0,80006058,1255749,351
5073773211,0.484679,2.50311,87683,2.11456,12805,32555,3.83747,86751,89470,64.6812,1009651,12.452,1.96936,1.50311,21,6.33747,3028007,1.65852,30,9.68116,7.78951,23.0248,22057.4,61.9413,9.68116,4.45514,8.5666,3235,0,10,0,5,2076,4.7833,9560.61,1.33747,88312,41718.7,25604.1,24,115,51,21,5.84679,501195,2.89786,2,2,3,1.19227,1.49289,1.95914,3.38454,1.5706,0.446602,2.56039,5,5,5,1,1,1,1,0,0,1,6,6,6,5,5,1,0,4,595,0.484679,1,0,64,161,132,87118179,136,24,59155,2400,97129123,1.25155,37317,1,104868035,9.68116,10582,509746425,12020818,1024,21,450745,25,24,80017688,550,50,10,10,1.80373,1.53685,1.84769,52,8,68,3309,5,5,5,1,0,50029003,2.11456,5,5134861,24026231,0,1,1,80021400,1255732,349
5073768171,0.0670936,1.53945,107662,1.04383,11906,30084,2.5526,92730,95433,60.1841,1015705,10.0964,1.13419,0.539447,27,5.0526,3014178,0.737693,30,5.18408,4.14902,15.3156,4325.83,45.6662,5.18408,1.13587,5.14025,3092,0,10,0,5,2099,3.07013,8061.37,0.0525956,88040,25657.5,10613.6,24,105,58,22,1.67094,519853,0.113957,2,2,3,0.142953,0.250842,0.845583,1.28591,0.349966,0.0185231,1.06136,5,5,5,0,0,0,1,1,1,0,6,6,6,5,5,1,1,4,570,0.0670936,1,1,64,181,143,87136169,149,24,74774,2400,97116882,0.769723,41842,0,104886391,5.18408,10124,509735117,12029844,1024,22,450634,25,24,80002702,535,55,10,10,0.647336,0.444706,0.8412,69,11,52,2488,5,5,5,0,1,50005954,1.04383,5,5148489,24020271,0,0,0,80007844,1257733,350
5073753659,1.95075,5.88635,96682,5.87373,12765,42560,8.34847,105190,113217,80.4696,1006496,20.7222,4.90151,4.88635,20,10.8485,3032610,4.8914,35,25.4696,20.5707,50.0908,84309.9,119.081,25.4696,16.1086,20.5959,3539,1,11,1,5,2096,10.798,14824.2,5.84847,85079,98106.9,78233.1,24,122,50,23,20.5075,506868,12.6717,2,2,3,4.87625,5.85352,5.86868,10.7525,5.85605,1.94952,7.82322,5,5,5,1,0,1,1,0,0,1,6,6,6,5,5,0,1,4,529,1.95075,1,0,64,130,139,87123711,131,24,70603,2400,97128257,2.94318,40042,1,104889989,25.4696,10036,509718075,12028009,1024,21,478467,27,24,80019067,594,59,10,10,5.86362,5.3712,5.3813,69,9,68,3157,5,5,5,0,1,50010502,5.87373,5,5142004,24009973,1,0,0,80012157,1269117,355
5073765928,0.31855,2.11973,97007,1.68859,10726,34400,3.32631,112390,107509,62.8921,1013431,11.5149,1.6371,1.11973,28,5.82631,3019975,1.29219,37,7.89207,6.3412,19.9578,15003.2,55.4665,7.89207,3.13463,7.20348,3047,0,11,1,5,2073,4.10174,8964.16,0.826306,85593,35329.0,19640.4,24,147,54,24,4.1855,514163,1.79033,2,2,3,0.774817,0.998763,1.51613,2.54963,1.08499,0.276298,1.96402,5,5,5,1,0,1,0,0,1,1,6,6,6,5,5,0,0,4,555,0.31855,1,0,64,169,129,87109556,142,24,75509,2400,97123481,1.05986,35550,0,104880964,7.89207,10072,509727777,12010453,1024,23,465663,24,24,80018800,555,52,10,10,1.34368,1.10236,1.44727,63,8,54,2934,5,5,5,1,1,50007498,1.68859,5,5139237,24031216,0,1,1,80028426,1246578,351
5073761058,0.391553,2.2882,107444,1.87578,11495,37531,3.55093,97110,97844,64.648,1002214,12.4346,1.96319,1.49599,27,6.32799,3001862,1.65173,36,9.64796,7.76264,22.9679,21926.5,61.8212,9.64796,4.43064,8.54131,3119,1,11,0,5,2100,4.77065,9549.54,1.32799,84383,41600.1,25493.4,24,137,53,20,5.81597,514161,2.87731,2,2,3,1.18452,1.48372,1.95092,3.36905,1.56159,0.443442,2.54932,5,5,5,0,1,1,1,1,1,1,6,6,6,5,5,1,0,4,521,0.481597,1,1,64,176,133,87114451,124,24,60479,2400,97130890,1.248,34976,1,104867733,9.64796,10013,509722230,12000660,1024,22,460584,26,24,80010448,532,50,10,10,1.79519,1.52879,1.84026,72,11,58,3295,5,5,5,0,0,50026120,2.10666,5,5122687,24015753,1,0,0,80003559,1267374,352
5073748521,1.78575,5.50558,99599,5.45064,10644,42471,7.84077,114778,110056,78.6927,1020279,19.7914,4.5715,4.50558,20,10.3408,3016257,4.52755,32,23.6927,19.1322,47.0446,77303.5,112.65,23.6927,14.797,19.242,3746,0,11,1,5,2140,10.121,14231.8,5.34077,80378,91760.5,72309.8,24,108,58,24,18.8575,514151,11.5717,2,2,3,4.46163,5.36274,5.42867,9.92325,5.37373,1.78037,7.2309,5,5,5,0,1,1,0,0,0,0,6,6,6,5,5,0,0,4,576,1.78575,1,1,64,136,137,87140275,127,24,78852,2400,97130260,2.75279,38604,1,104861127,23.6927,10001,509728275,12024179,1024,23,463612,25,24,80020127,512,52,10,10,5.40669,4.93965,4.9836,62,8,60,2825,5,5,5,1,1,50029350,5.45064,5,5147224,24021459,0,1,0,80028410,1242986,351
5073749749,1.11191,3.95056,115492,3.72285,11674,28480,5.76742,116827,104768,71.436,1017281,15.9903,3.22382,2.95056,28,8.26742,3026334,3.04165,32,16.436,13.2577,34.6045,48690.9,86.3873,16.436,9.44083,13.7131,3313,0,11,1,5,2152,7.35656,11812.5,3.26742,84377,65843.3,48120.4,24,130,50,23,12.1191,500060,7.07941,2,2,3,2.76839,3.35851,3.63176,6.53679,3.40405,1.0896,4.81199,5,5,5,0,0,0,0,0,0,1,6,6,6,5,5,1,0,4,531,1.11191,1,0,64,139,142,87133271,143,24,63187,2400,97135830,1.97528,39710,0,104866229,16.436,10644,509729576,12001092,1024,20,471276,26,24,80002858,537,50,10,10,3.54068,3.17731,3.35948,71,8,53,2690,5,5,5,1,0,50000198,3.72285,5,5131090,24013663,0,0,0,80031577,1257520,357
5073768426,0.709866,3.02277,103039,2.69196,8171,36273,4.53036,92604,101863,67.1062,1025727,13.7223,2.41973,2.02277,21,7.03036,3010639,2.15509,37,12.1062,9.75268,27.1821,31619.3,70.7178,12.1062,6.24509,10.4143,3106,0,10,1,5,2155,5.70714,10369.1,2.03036,81963,50379.8,33687.8,24,102,55,22,8.09866,507460,4.3991,2,2,3,1.75812,2.16268,2.55964,4.51625,2.22884,0.677447,3.36875,5,5,5,1,1,0,0,1,1,1,6,6,6,5,5,0,1,4,564,0.709866,0,1,64,179,137,87112451,137,24,69643,2400,97135584,1.51138,41961,0,104874987,12.1062,10153,509733295,12005030,1024,22,462160,28,24,80006400,556,53,10,10,2.42732,2.1258,2.39045,53,10,61,3002,5,5,5,1,1,50022492,2.69196,5,5133732,24022730,0,0,0,80026240,1241209,347
5073743835,0.556427,2.66868,111427,2.29853,11262,32889,4.05824,94590,113546,65.4538,1024752,12.8568,2.11285,1.66868,28,6.55824,3008773,1.81674,36,10.4538,8.41501,24.3494,25103.9,64.7377,10.4538,5.02545,9.1553,3875,0,11,1,5,2081,5.07765,9818.2,1.55824,82558,44478.2,28179.7,24,143,56,21,6.56427,521282,3.37618,2,2,3,1.37256,0.99234,1.51037,2.53878,1.07868,0.274084,1.95627,5,5,5,0,1,1,1,1,1,1,6,6,6,5,5,0,1,4,504,0.31639,0,1,64,164,142,87119993,129,24,52729,2400,97140414,1.05737,35337,1,104865133,7.86882,10039,509738134,12014919,1024,21,454088,26,24,80019784,523,56,10,10,1.3377,1.09671,1.44207,66,11,54,2673,5,5,5,0,1,50010429,1.68305,5,5127061,24002238,1,0,0,80016205,1267535,354
5073761333,0.0573703,1.51701,101508,1.0189,12741,40086,2.52268,88607,101456,60.0794,1000770,10.0416,1.11474,0.517008,27,5.02268,3031986,0.716252,39,5.07937,4.06425,15.1361,3912.96,45.2873,5.07937,1.05858,5.06047,3378,0,11,1,5,2119,3.03024,8026.46,0.0226777,80542,25283.5,10264.6,24,130,56,23,1.5737,528833,0.0491351,2,2,3,0.11852,0.221922,0.819654,1.23704,0.321544,0.00855546,1.02646,5,5,5,1,0,0,1,1,0,1,6,6,6,5,5,0,0,4,586,0.0573703,1,0,64,188,135,87137618,125,24,62605,2400,97123182,0.758504,41822,1,104885387,5.07937,10062,509730966,12001042,1024,21,482459,26,24,80003303,571,50,10,10,0.62041,0.419276,0.817764,66,9,57,3281,5,5,5,1,1,50010161,1.0189,5,5148256,24031166,1,0,1,80011442,1269309,354
5073765418,0.851406,3.3494,86430,3.05489,11166,28242,4.96587,89138,110765,68.6305,1006589,14.5208,2.70281,2.3494,20,7.46587,3028832,2.4672,34,13.6305,10.9866,29.7952,37629.4,76.2343,13.6305,7.37015,11.5756,3185,1,11,1,5,2120,6.28782,10877.3,2.46587,82687,55823.7,38768.8,24,116,55,23,9.51406,520583,5.34271,2,2,3,2.11379,2.58367,2.93708,5.22758,2.64257,0.822544,3.87684,5,5,5,0,0,0,0,1,0,0,6,6,6,5,5,1,0,4,588,0.851406,1,0,64,180,137,87110494,142,24,68283,2400,97134330,1.6747,39191,0,104868971,13.6305,10128,509734612,12030770,1024,21,471103,26,24,80026513,590,57,10,10,2.81928,2.49599,2.73159,58,8,55,2908,5,5,5,0,0,50027338,3.05489,5,5138213,24024790,0,1,0,80004899,1267221,345
5073756237,0.46853,2.46584,105415,2.07315,8080,32894,3.78778,113801,104187,64.5072,1018970,12.3609,1.93706,1.46584,24,6.28778,3015187,1.62291,38,9.50725,7.64872,22.7267,21371.6,61.3119,9.50725,4.32678,8.43409,3715,0,10,1,5,2163,4.71705,9502.63,1.28778,87354,41097.5,25024.4,24,108,56,24,5.6853,518897,2.7902,2,2,3,1.15169,1.44486,1.91608,3.30338,1.5234,0.430047,2.50242,5,5,5,1,0,1,1,0,0,0,6,6,6,5,5,1,1,4,568,0.46853,0,1,64,151,135,87140686,147,24,58961,2400,97118502,1.23292,44630,1,104870528,9.50725,10598,509726221,12000545,1024,22,452992,28,24,80013549,519,56,10,10,1.75901,1.49462,1.80876,55,9,53,2868,5,5,5,0,0,50022016,2.07315,5,5142792,24010564,1,0,0,80001850,1241670,348
5073751383,0.528218,2.60358,88823,2.2262,8217,31509,3.97144,97137,92681,65.15,1029529,12.6976,2.05644,1.60358,27,6.47144,3028703,1.75453,33,10.15,8.16908,23.8286,23906.1,63.6383,10.15,4.80122,8.92384,3954,1,11,1,5,2158,4.96192,9716.93,1.47144,83452,43393.3,27167.1,24,146,59,21,6.28218,532066,3.18812,2,2,3,1.30168,1.62239,2.07525,3.60335,1.69787,0.491235,2.71668,5,5,5,0,1,0,1,1,0,1,6,6,6,5,5,1,0,4,596,0.528218,0,0,64,165,134,87137095,131,24,74263,2400,97109980,1.30179,40929,0,104859169,10.15,10586,509725336,12031899,1024,21,463721,25,24,80030362,526,52,10,10,1.9243,1.65072,1.95263,56,8,51,3180,5,5,5,1,0,50013505,2.2262,5,5127318,24021763,0,0,1,80006059,1247175,344
5073747548,0.745597,3.10522,115039,2.78358,10547,28563,4.6403,94882,105251,67.491,1012707,13.9239,2.49119,2.10522,28,7.1403,3003562,2.23388,34,12.491,10.0642,27.8418,33136.5,72.1104,12.491,6.5291,10.7075,3069,1,11,1,5,2108,5.85373,10497.4,2.1403,83315,51754.1,34970.5,24,113,53,23,8.45597,532160,4.63731,2,2,3,1.84791,2.26895,2.65492,4.69582,2.33328,0.714076,3.49701,5,5,5,0,1,1,1,0,0,1,6,6,6,5,5,0,0,4,579,0.745597,0,1,64,147,130,87141308,141,24,73240,2400,97115390,1.55261,35658,1,104881943,12.491,10647,509735006,12031240,1024,20,461568,25,24,80000241,571,50,10,10,2.52627,2.21925,2.47657,53,11,55,2878,5,5,5,0,1,50026766,2.78358,5,5143886,24023714,0,0,1,80008237,1247267,356
5073748423,0.119706,1.66086,114198,1.17873,11327,38789,2.71448,105634,104594,60.7507,1014451,10.3932,1.23941,0.660861,22,5.21448,3025701,0.853712,34,5.75068,4.6077,16.2869,6559.88,47.7168,5.75068,1.55408,5.57195,3639,1,11,0,5,2063,3.28598,8250.26,0.214481,81469,27681.1,12502.3,24,129,51,23,2.19706,509009,0.464709,2,2,3,0.27516,0.407332,0.985884,1.55032,0.503757,0.072458,1.25023,5,5,5,1,0,0,0,0,1,1,6,6,6,5,5,0,1,4,594,0.119706,0,0,64,155,140,87118433,142,24,72218,2400,97117665,0.83043,45504,0,104862613,5.75068,10466,509722121,12003300,1024,20,462403,27,24,80008314,560,54,10,10,0.793033,0.582309,0.96801,52,8,58,3421,5,5,5,0,1,50000154,1.17873,5,5134252,24004696,1,0,1,80006537,1270628,348
5073760191,1.08297,3.88377,87303,3.64863,11186,41510,5.67836,90902,96013,71.1243,1025925,15.827,3.16593,2.88377,28,8.17836,3020119,2.97782,33,16.1243,13.0053,34.0701,47461.9,85.2592,16.1243,9.21076,13.4756,3268,1,10,0,5,2069,7.23781,11708.6,3.17836,80427,64730.0,47081.4,24,116,58,20,11.8297,528370,6.88644,2,2,3,2.69566,3.27241,3.55458,6.39132,3.31944,1.05992,4.70808,5,5,5,0,1,0,0,1,1,1,6,6,6,5,5,1,0,4,536,1.08297,0,0,64,137,143,87122304,126,24,78679,2400,97138628,1.94188,36212,0,104871832,16.1243,10369,509720520,12003616,1024,21,473045,24,24,80026113,541,52,10,10,3.46052,3.1016,3.28971,79,11,56,2598,5,5,5,1,0,50016764,3.64863,5,5149746,24004338,1,1,0,80018146,1253938,349
5073770262,1.67904,5.25932,95058,5.17702,12056,34155,7.51242,91459,92946,77.5435,1031448,19.1894,4.35807,4.25932,22,10.0124,3003118,4.29223,36,22.5435,18.2019,45.0745,72772.2,108.491,22.5435,13.9488,18.3665,3574,0,11,1,5,2118,9.68323,13848.7,5.01242,89255,87656.1,68479.1,24,114,51,22,17.7904,514410,10.8602,2,2,3,4.19348,5.04534,5.1441,9.38695,5.0618,1.67097,6.84782,5,5,5,1,0,1,1,0,1,0,6,6,6,5,5,1,1,4,522,1.67904,1,1,64,132,135,87127579,142,24,66538,2400,97132513,2.62966,45000,0,104872507,22.5435,10312,509742633,12025836,1024,23,467059,25,24,80030447,593,52,10,10,5.11118,4.66056,4.7264,55,9,64,2710,5,5,5,1,1,50014229,5.17702,5,5132484,24011147,0,1,0,80007557,1252522,350
5073743415,1.05221,3.8128,97993,4.32593,11194,41918,6.49111,88295,87516,73.9689,1020615,17.317,3.69422,3.49334,28,8.99111,3027605,3.5603,39,18.9689,15.3082,38.9467,58678.0,95.5541,18.9689,11.3104,15.643,3032,1,10,1,5,2064,8.32149,12657.0,3.99111,83795,74889.6,56563.7,24,130,54,24,14.4711,527463,8.64741,2,2,3,3.35941,4.05808,4.25897,7.71882,4.09156,1.33071,5.6563,5,5,5,0,1,1,0,1,1,1,6,6,6,5,5,1,0,4,525,1.34711,0,0,64,160,136,87124607,125,24,62706,2400,97115560,2.24667,47981,0,104876460,18.9689,10591,509743531,12009230,1024,20,463309,26,24,80000042,544,56,10,10,4.192,3.79245,3.92637,58,10,55,3360,5,5,5,0,1,50022032,4.32593,5,5120279,24019116,1,0,1,80004763,1240135,353
5073743107,0.761561,3.14206,101809,2.82451,8982,42255,4.68942,88557,114126,67.663,1014280,14.0139,2.52312,2.14206,29,7.18942,3004851,2.26908,35,12.663,10.2034,28.1365,33814.3,72.7326,12.663,6.656,10.8384,3662,1,11,0,5,2174,5.91922,10554.7,2.18942,88844,52368.1,35543.6,24,125,56,21,8.61561,531516,4.74374,2,2,3,1.88802,2.31644,2.6975,4.77605,2.37995,0.730441,3.55432,5,5,5,1,1,1,1,0,1,0,6,6,6,5,5,0,1,4,500,0.761561,0,0,64,180,131,87131455,130,24,58182,2400,97117583,1.57103,35496,1,104880429,12.663,10877,509726428,12002736,1024,23,467876,25,24,80017291,543,55,10,10,2.57048,2.26101,2.51504,67,9,51,3255,5,5,5,0,0,50030252,2.82451,5,5121930,24032334,1,0,0,80004558,1270104,350
5073759006,0.917553,3.50204,115618,3.22449,10949,38033,5.16939,116544,102711,69.3429,1008558,14.8939,2.83511,2.50204,24,7.66939,3002184,2.61307,35,14.3429,11.5633,31.0164,40438.1,78.8123,14.3429,7.89593,12.1184,3511,0,10,1,5,2164,6.55919,11114.7,2.66939,83747,58367.9,41143.4,24,116,55,21,10.1755,518882,5.78369,2,2,3,2.28,2.78041,3.11347,5.56001,2.83592,0.890353,4.11429,5,5,5,1,1,0,1,0,0,0,6,6,6,5,5,1,1,4,599,0.917553,0,1,64,151,137,87140365,129,24,82537,2400,97135500,1.75102,43470,0,104882139,14.3429,10645,509735658,12003102,1024,23,465396,26,24,80020844,509,53,10,10,3.00245,2.66898,2.89102,71,9,61,3004,5,5,5,0,0,50010935,3.22449,5,5122924,24001556,0,1,0,80000853,1261331,352
5073762932,0.403016,2.31465,105012,1.90517,12053,43611,3.5862,88615,107965,63.8017,1007611,11.9914,1.80603,1.31465,20,6.0862,3015436,1.47845,35,8.80172,7.07758,21.5172,18589.8,58.7586,8.80172,3.80603,7.89655,3922,1,11,1,5,2146,4.44827,9267.42,1.0862,84661,38577.7,22672.6,24,141,50,21,5.03016,502004,2.35344,2,2,3,0.987067,1.25,1.74138,2.97413,1.33189,0.362887,2.26724,5,5,5,0,0,0,0,1,1,0,6,6,6,5,5,1,1,4,598,0.403016,0,0,64,131,136,87131763,130,24,53364,2400,97125253,1.15733,49031,0,104888278,8.80172,10236,509738920,12010358,1024,22,475234,27,24,80000087,596,51,10,10,1.57758,1.32327,1.65086,56,11,62,2749,5,5,5,0,0,50000860,1.90517,5,5135307,24008810,0,1,0,80029843,1246499,353
5073758816,1.46714,4.77033,107241,4.63369,8648,31482,6.86043,96086,105438,75.2615,1007927,17.9941,3.93428,3.77033,24,9.36043,3000247,3.82498,31,20.2615,16.3546,41.1626,63774.7,100.232,20.2615,12.2645,16.6278,3755,1,11,1,5,2053,8.81391,13087.9,4.36043,80510,79506.1,60872.5,24,141,56,23,15.6714,502111,9.44761,2,2,3,3.66102,4.41509,4.57904,4.41238,2.16842,0.656259,3.29456,5,5,5,1,1,0,1,1,1,0,6,6,6,5,5,0,1,4,520,0.689198,0,0,64,161,131,87112390,142,24,61300,2400,97113846,1.48754,49187,0,104863712,11.8837,10309,509746274,12019871,1024,23,457473,24,24,80027589,514,54,10,10,2.37009,2.07175,2.34063,71,9,62,3259,5,5,5,0,1,50032445,2.63897,5,5146699,24015440,1,0,0,80003092,1246885,346
5073747435,1.83682,5.62344,94704,5.58159,11675,31475,7.99791,117735,96615,79.2427,1019491,20.0795,4.67364,4.62344,27,10.4979,3010292,4.64017,37,24.2427,19.5774,47.9875,79472.1,114.64,24.2427,15.2029,19.6611,3037,0,10,0,5,2103,10.3306,14415.1,5.49791,87248,93724.8,74143.2,24,115,59,21,19.3682,503525,11.9121,2,2,3,4.58996,5.51465,5.56486,10.1799,5.52302,1.83272,7.41423,5,5,5,1,0,1,0,0,1,1,6,6,6,5,5,1,1,4,561,1.83682,0,1,64,174,129,87125045,131,24,66920,2400,97126053,2.81172,41177,0,104878895,24.2427,10944,509729185,12014735,1024,23,450622,24,24,80027295,573,50,10,10,5.54812,5.07323,5.1067,61,8,63,2743,5,5,5,0,1,50004246,5.58159,5,5134795,24031549,0,0,1,80028304,1256058,355
