Target,ms_async_op_threads,osd_bench_max_block_size,osd_tier_default_cache_hit_set_search_last_n,bluestore_fsck_read_bytes_cap,osd_tier_default_cache_min_write_recency_for_promote,mds_thrash_exports,client_oc_target_dirty,mds_log_max_events
395,7,67126582,3,67117029,2,3,8411612,3
389,19,67139150,1,67111905,2,1,8412150,-1
389,6,67132451,3,67127443,3,1,8405310,0
394,17,67122399,2,67125232,2,3,8415879,1
392,11,67122218,1,67125409,1,3,8409257,1
387,20,67140997,2,67110310,3,2,8405038,-1
391,7,67136802,2,67115992,3,2,8420871,0
390,14,67127634,1,67126692,3,3,8420295,-1
401,5,67127179,2,67113123,1,2,8393059,1
377,2,67114065,3,67127047,3,1,8417925,-1
390,12,67114224,3,67132762,3,2,8405346,2
403,6,67129135,1,67126648,3,1,8413487,1
378,2,67124298,3,67124254,1,3,8413908,3
393,17,67128957,2,67141568,2,2,8389315,-1
302,1,67112159,2,67132243,2,1,8408852,0
307,1,67116561,2,67109902,2,1,8399311,1
403,14,67139197,1,67123316,1,2,8406308,3
392,5,67118562,2,67119075,2,3,8390624,0
402,9,67139425,1,67117097,2,1,8396576,3
396,15,67128936,2,67137603,1,1,8400488,0
390,13,67110722,2,67111108,2,3,8415310,-1
394,9,67116604,2,67118463,3,1,8396757,1
399,14,67139221,2,67118808,2,2,8413148,-1
394,18,67128509,1,67130176,3,3,8412377,-1
399,20,67132349,1,67126760,2,1,8393389,3
394,19,67134309,3,67116966,3,2,8419269,1
387,20,67112889,1,67118990,3,3,8421129,0
403,7,67131713,3,67117726,2,3,8415442,2
390,4,67139857,3,67116050,2,2,8402701,3
394,14,67124243,1,67135451,3,1,8405840,2
387,21,67121522,2,67120364,2,1,8403389,0
390,13,67121746,3,67115470,1,1,8401312,3
390,20,67111036,2,67138711,2,2,8410368,1
396,7,67118371,3,67109744,1,1,8398565,2
387,5,67113752,1,67115125,1,2,8391940,1
375,2,67128721,1,67133534,2,2,8402204,3
391,5,67138904,2,67132711,1,3,8407518,0
395,10,67125051,3,67133314,3,1,8419988,3
387,19,67135538,2,67122665,3,3,8418471,2
389,15,67139253,1,67130590,3,1,8400174,0
394,18,67135891,2,67109749,1,3,8389341,-1
387,14,67117155,2,67120395,1,2,8392303,3
393,13,67137337,2,67109579,2,2,8395768,2
290,1,67130203,1,67111888,2,3,8410050,3
391,17,67128497,3,67109000,2,1,8419368,0
403,22,67138463,3,67135022,3,3,8396294,2
360,2,67128378,1,67121418,2,1,8408100,0
396,6,67116766,3,67109025,1,1,8404787,3
389,12,67132533,2,67113671,3,2,8406217,1
388,12,67132326,1,67141573,1,1,8389960,0
389,22,67130235,2,67131368,2,2,8402537,1
389,9,67126416,1,67114982,1,2,8414787,-1
399,15,67132482,2,67119267,3,1,8388786,-1
394,14,67130960,1,67120926,2,3,8407451,2
396,19,67136294,2,67114719,2,3,8415056,2
392,15,67138370,2,67127698,2,1,8391042,-1
395,22,67135641,3,67126768,3,2,8401375,1
386,9,67113172,1,67116705,3,1,8390178,0
400,5,67113892,2,67139236,3,2,8389780,0
397,17,67126913,2,67111024,3,3,8404106,2
391,13,67113661,1,67127841,2,2,8411671,0
400,7,67127182,3,67128885,1,2,8416332,-1
396,18,67108897,3,67109132,1,3,8415885,1
388,3,67122563,2,67119684,3,1,8404587,0
385,20,67129791,1,67112256,2,3,8411459,3
299,1,67120255,1,67117120,3,2,8418610,0
371,2,67115063,2,67127011,1,3,8395599,1
389,20,67134608,2,67136304,1,2,8415111,-1
394,17,67117248,3,67133849,2,3,8396599,3
392,3,67119015,2,67127452,2,2,8405438,2
394,8,67124905,3,67122971,3,3,8413901,3
386,3,67141462,1,67141371,3,1,8414091,2
387,20,67136798,2,67115545,1,1,8419854,2
390,4,67120922,3,67115657,2,3,8405770,0
398,22,67136418,1,67118510,2,1,8417845,0
384,22,67118451,3,67119659,2,2,8406372,-1
392,9,67138863,1,67116064,2,1,8416348,-1
396,13,67128764,1,67124173,1,3,8412211,-1
382,14,67141025,3,67129547,1,1,8398763,3
395,4,67122770,1,67129662,1,3,8411834,1
389,20,67111524,1,67130642,1,2,8396157,-1
385,21,67127589,2,67133365,1,3,8390905,0
394,3,67140461,1,67136601,3,3,8412258,1
389,12,67109096,3,67109215,1,3,8416663,3
396,11,67140098,2,67130274,2,3,8401610,1
399,14,67130735,2,67131665,2,3,8417654,3
395,21,67114660,1,67139393,2,2,8408252,1
387,7,67111742,1,67136645,3,1,8413209,-1
384,16,67112872,1,67125960,2,2,8389970,0
388,18,67129809,1,67119949,1,3,8403635,1
392,17,67115026,2,67110058,3,3,8404830,-1
397,21,67112650,2,67117188,3,2,8397639,1
387,7,67114264,2,67125561,3,2,8412287,3
394,5,67138702,3,67116398,2,1,8406539,0
391,21,67122706,1,67130883,2,2,8408633,2
392,7,67138672,3,67124655,2,1,8411728,1
304,1,67119706,2,67131419,1,1,8390497,2
395,16,67112222,2,67141429,1,1,8412807,3
396,3,67138589,3,67124048,3,1,8407955,3
386,5,67116786,2,67111687,3,1,8394639,0
392,17,67109582,2,67131226,2,3,8415839,2
402,12,67138511,3,67139285,1,2,8416120,0
371,2,67114407,1,67112994,2,1,8420769,0
387,21,67123040,1,67125874,1,1,8400504,1
398,14,67120409,1,67109498,3,2,8419900,1
394,7,67138706,2,67141161,1,2,8401480,3
371,2,67118141,1,67124517,1,1,8411716,0
387,10,67131441,3,67131921,1,1,8394759,3
394,8,67128870,1,67123062,2,3,8406783,3
396,14,67119394,1,67133875,3,3,8400145,1
394,15,67115947,2,67127662,3,2,8419132,-1
390,12,67137411,3,67119434,2,2,8390822,3
387,20,67124119,1,67137871,2,3,8390760,-1
393,22,67133461,2,67109685,3,2,8409716,2
399,11,67134521,2,67138510,1,3,8403976,2
389,20,67132702,1,67136124,1,3,8407609,0
397,19,67122379,2,67141225,3,2,8397834,-1
398,11,67133879,3,67124223,3,1,8400854,2
394,7,67133076,2,67110270,3,1,8420691,2
393,11,67130727,2,67134784,3,2,8409890,-1
395,21,67140172,1,67114041,3,1,8394069,-1
391,11,67128739,1,67122001,3,2,8407966,2
391,9,67123717,3,67127789,2,3,8406824,1
389,18,67110818,2,67116558,3,3,8414547,-1
395,6,67112914,2,67131181,1,2,8405098,-1
403,9,67127193,2,67123892,2,2,8418082,3
385,17,67132207,2,67118433,1,2,8394734,3
398,7,67132456,3,67141330,2,3,8389801,1
397,5,67140368,2,67109318,1,3,8403456,1
394,20,67136062,3,67131264,2,2,8404110,0
385,8,67112834,1,67122285,2,1,8405347,-1
378,4,67120527,3,67135143,1,2,8408165,2
397,6,67137093,2,67125639,2,2,8412499,2
398,22,67117542,2,67117305,3,2,8421057,1
386,4,67133902,1,67117862,2,2,8410359,1
378,2,67132631,1,67109263,2,2,8403060,2
391,21,67133916,2,67121768,2,3,8419201,0
402,21,67114713,1,67137584,3,1,8409018,1
385,20,67132707,2,67132844,1,3,8405276,3
296,1,67118046,1,67130106,1,2,8400257,-1
385,6,67118676,1,67119123,3,1,8394669,-1
400,6,67135904,3,67113288,2,3,8418599,2
398,14,67116988,2,67137756,1,3,8400668,3
390,9,67131754,1,67137713,3,2,8388931,3
394,8,67137968,2,67131444,1,2,8411612,-1
390,22,67137215,2,67122384,1,1,8405531,-1
296,1,67110408,1,67123972,1,1,8392945,-1
392,17,67133485,3,67124117,3,1,8412051,-1
394,6,67128783,1,67113007,3,2,8397558,1
375,2,67132968,2,67115658,3,1,8395062,1
395,8,67115833,2,67129651,3,2,8398431,2
397,10,67138445,1,67130405,1,2,8411764,0
395,5,67130963,1,67140578,3,1,8411403,0
402,21,67119333,1,67118925,3,2,8409498,1
392,11,67132477,3,67139165,2,2,8412351,1
397,5,67126749,1,67133190,1,1,8403862,-1
377,2,67111465,3,67130904,2,1,8397655,3
391,22,67123020,2,67114211,2,3,8406216,-1
391,21,67127903,2,67110013,3,1,8391083,0
298,1,67109059,1,67122993,2,3,8409783,3
295,1,67111539,1,67109478,1,3,8410460,0
395,7,67129398,3,67124675,3,3,8395418,0
396,13,67118079,1,67133802,1,2,8393560,-1
391,5,67113370,1,67114385,1,3,8395261,0
391,16,67128679,1,67133974,3,3,8409193,2
398,7,67138754,3,67109865,1,2,8404579,3
398,20,67121333,3,67123924,2,2,8396445,-1
389,21,67114663,1,67127030,3,2,8412818,1
401,17,67131547,3,67128488,2,1,8415067,2
392,8,67141592,1,67117280,1,1,8396935,1
397,12,67119604,1,67114587,1,1,8399807,1
392,3,67131785,3,67139475,2,3,8396234,0
394,14,67128327,1,67113653,3,3,8395859,2
391,9,67132974,1,67114231,2,2,8390064,1
370,2,67139085,3,67122046,1,1,8391953,0
397,15,67121488,2,67134773,1,2,8416302,2
391,16,67119134,3,67125522,2,2,8406124,2
398,3,67122988,1,67134179,3,1,8411134,2
393,21,67130534,2,67114883,3,2,8406980,2
387,6,67113237,2,67114730,2,2,8392763,-1
396,6,67110974,3,67136958,3,3,8404433,3
391,21,67137995,2,67134532,2,2,8393801,1
397,8,67134202,3,67137017,3,1,8420193,-1
390,21,67120247,2,67119485,1,3,8410231,-1
391,7,67111485,2,67127904,3,1,8398157,1
394,16,67123386,3,67119966,1,1,8409825,1
390,16,67119819,3,67109472,3,2,8407648,0
395,8,67123864,2,67132286,3,3,8404787,2
399,15,67140959,1,67138304,2,2,8390926,-1
298,1,67132050,2,67120781,2,2,8392357,1
394,5,67133635,3,67119307,3,2,8405979,3
397,22,67110492,3,67128753,1,3,8401084,0
391,6,67130767,2,67113551,3,3,8410071,0
392,13,67120823,1,67112550,1,2,8389474,1
388,17,67131063,1,67135517,1,3,8412542,-1
353,2,67108899,3,67114875,1,2,8393899,2
391,3,67114015,3,67126797,1,2,8392368,1
387,12,67135587,3,67109087,2,1,8406754,2
399,4,67122983,2,67124649,1,3,8417018,-1
393,6,67131227,2,67118463,2,3,8403776,3
