Target,ms_async_op_threads,osd_bench_max_block_size,osd_tier_default_cache_hit_set_search_last_n,osd_tier_default_cache_min_write_recency_for_promote,mds_recall_max_decay_threshold,bluestore_deferred_batch_ops,client_readahead_max_bytes
395,7,67126582,3,2,21108,44,781
389,19,67139150,1,2,22948,12,262
389,6,67132451,3,3,19545,14,111
394,17,67122399,2,2,20585,59,298
392,11,67122218,1,1,19992,56,168
387,20,67140997,2,3,17243,2,399
391,7,67136802,2,3,24927,21,213
390,14,67127634,1,3,22716,15,33
401,5,67127179,2,1,17726,12,682
377,2,67114065,3,3,21798,2,127
390,12,67114224,3,3,20564,55,286
403,6,67129135,1,3,23592,9,301
378,2,67124298,3,1,24109,43,966
393,17,67128957,2,2,21607,26,443
302,1,67112159,2,2,24579,8,155
307,1,67116561,2,2,21311,15,99
403,14,67139197,1,1,22683,47,236
392,5,67118562,2,2,24681,25,132
402,9,67139425,1,2,22895,55,845
396,15,67128936,2,1,19103,37,98
390,13,67110722,2,2,18045,58,901
394,9,67116604,2,3,18746,40,795
399,14,67139221,2,2,22917,18,119
394,18,67128509,1,3,26732,58,682
399,20,67132349,1,2,16641,42,815
394,19,67134309,3,3,22113,33,1014
387,20,67112889,1,3,23880,61,955
403,7,67131713,3,2,18155,60,999
390,4,67139857,3,2,22534,47,885
394,14,67124243,1,3,22700,61,124
387,21,67121522,2,2,20239,57,695
390,13,67121746,3,1,25630,53,550
390,20,67111036,2,2,16802,15,510
396,7,67118371,3,1,21715,24,800
387,5,67113752,1,1,25170,36,753
375,2,67128721,1,2,21884,41,725
391,5,67138904,2,1,24074,43,353
395,10,67125051,3,3,25639,61,992
387,19,67135538,2,3,18493,28,70
389,15,67139253,1,3,18293,59,819
394,18,67135891,2,1,18053,2,134
387,14,67117155,2,1,23244,11,96
393,13,67137337,2,2,22488,14,14
290,1,67130203,1,2,22599,51,75
391,17,67128497,3,2,19967,36,96
403,22,67138463,3,3,17310,6,937
360,2,67128378,1,2,24632,57,730
396,6,67116766,3,1,17833,29,952
389,12,67132533,2,3,19380,34,599
388,12,67132326,1,1,19431,8,169
389,22,67130235,2,2,16930,16,690
389,9,67126416,1,1,24707,59,510
399,15,67132482,2,3,26952,41,171
394,14,67130960,1,2,26792,12,548
396,19,67136294,2,2,22254,5,678
392,15,67138370,2,2,22427,55,147
395,22,67135641,3,3,24973,52,985
386,9,67113172,1,3,25767,29,812
400,5,67113892,2,3,20969,46,407
397,17,67126913,2,3,22463,39,162
391,13,67113661,1,2,18359,9,822
400,7,67127182,3,1,19957,34,178
396,18,67108897,3,1,27504,40,675
388,3,67122563,2,3,25008,24,490
385,20,67129791,1,2,23687,35,438
299,1,67120255,1,3,21977,21,469
371,2,67115063,2,1,18893,4,1000
389,20,67134608,2,1,23574,11,384
394,17,67117248,3,2,23210,54,705
392,3,67119015,2,2,16492,29,713
394,8,67124905,3,3,23651,3,343
386,3,67141462,1,3,25701,10,294
387,20,67136798,2,1,20503,32,328
390,4,67120922,3,2,18482,7,405
398,22,67136418,1,2,24244,56,512
384,22,67118451,3,2,24189,38,438
392,9,67138863,1,2,16488,47,459
396,13,67128764,1,1,26981,19,507
382,14,67141025,3,1,22881,32,163
395,4,67122770,1,1,26417,51,494
389,20,67111524,1,1,27404,49,810
385,21,67127589,2,1,25062,55,581
394,3,67140461,1,3,17087,25,955
389,12,67109096,3,1,22807,51,150
396,11,67140098,2,2,18492,4,67
399,14,67130735,2,2,22267,24,107
395,21,67114660,1,2,21821,35,688
387,7,67111742,1,3,22816,50,967
384,16,67112872,1,2,26366,53,1002
388,18,67129809,1,1,21784,34,316
392,17,67115026,2,3,21366,53,126
397,21,67112650,2,3,26680,40,892
387,7,67114264,2,3,23229,58,528
394,5,67138702,3,2,22704,57,858
391,21,67122706,1,2,20876,22,883
392,7,67138672,3,2,27014,30,60
304,1,67119706,2,1,21471,24,168
395,16,67112222,2,1,18968,30,883
396,3,67138589,3,3,21278,41,1010
386,5,67116786,2,3,24110,58,582
392,17,67109582,2,2,19699,42,844
402,12,67138511,3,1,17876,9,717
371,2,67114407,1,2,25894,32,529
387,21,67123040,1,1,16904,53,1022
398,14,67120409,1,3,27416,9,971
394,7,67138706,2,1,22194,54,984
371,2,67118141,1,1,23876,33,871
387,10,67131441,3,1,16516,21,567
394,8,67128870,1,2,22946,19,991
396,14,67119394,1,3,21206,29,378
394,15,67115947,2,3,26626,15,930
390,12,67137411,3,2,24272,26,966
387,20,67124119,1,2,25897,39,329
393,22,67133461,2,3,18321,7,665
399,11,67134521,2,1,18861,56,393
389,20,67132702,1,1,27250,25,373
397,19,67122379,2,3,17666,24,529
398,11,67133879,3,3,27661,11,55
394,7,67133076,2,3,21522,36,116
393,11,67130727,2,3,22769,16,146
395,21,67140172,1,3,27223,1,624
391,11,67128739,1,3,19800,33,954
391,9,67123717,3,2,20235,6,340
389,18,67110818,2,3,17501,36,616
395,6,67112914,2,1,18251,24,363
403,9,67127193,2,2,24029,40,86
385,17,67132207,2,1,22486,20,211
398,7,67132456,3,2,26350,33,512
397,5,67140368,2,1,24697,61,547
394,20,67136062,3,2,24480,53,903
385,8,67112834,1,2,19400,10,76
378,4,67120527,3,1,21753,14,30
397,6,67137093,2,2,16937,5,198
398,22,67117542,2,3,24728,57,458
386,4,67133902,1,2,18189,37,524
378,2,67132631,1,2,18159,3,961
391,21,67133916,2,2,17927,23,139
402,21,67114713,1,3,20070,41,358
385,20,67132707,2,1,26543,4,789
296,1,67118046,1,1,17310,2,364
385,6,67118676,1,3,27138,58,981
400,6,67135904,3,2,27161,60,147
398,14,67116988,2,1,26641,27,615
390,9,67131754,1,3,19676,47,185
394,8,67137968,2,1,20803,39,851
390,22,67137215,2,1,19273,21,825
296,1,67110408,1,1,18242,26,186
392,17,67133485,3,3,24054,24,814
394,6,67128783,1,3,17604,33,403
375,2,67132968,2,3,20936,62,994
395,8,67115833,2,3,21877,15,765
397,10,67138445,1,1,25042,36,970
395,5,67130963,1,3,22745,9,144
402,21,67119333,1,3,23977,59,455
392,11,67132477,3,2,23770,22,16
397,5,67126749,1,1,23689,5,169
377,2,67111465,3,2,21006,53,598
391,22,67123020,2,2,24983,47,761
391,21,67127903,2,3,22222,3,853
298,1,67109059,1,2,18034,5,699
295,1,67111539,1,1,16559,51,341
395,7,67129398,3,3,20430,41,217
396,13,67118079,1,1,23689,10,842
391,5,67113370,1,1,23193,48,1022
391,16,67128679,1,3,21707,54,595
398,7,67138754,3,1,23226,50,301
398,20,67121333,3,2,17792,8,48
389,21,67114663,1,3,23753,8,127
401,17,67131547,3,2,24246,59,89
392,8,67141592,1,1,18161,43,984
397,12,67119604,1,1,24216,14,176
392,3,67131785,3,2,25785,20,902
394,14,67128327,1,3,18311,1,6
391,9,67132974,1,2,18319,17,890
370,2,67139085,3,1,24102,53,41
397,15,67121488,2,1,26970,26,291
391,16,67119134,3,2,24007,33,586
398,3,67122988,1,3,16446,35,774
393,21,67130534,2,3,19136,22,87
387,6,67113237,2,2,25328,19,515
396,6,67110974,3,3,23724,15,253
391,21,67137995,2,2,22553,30,877
397,8,67134202,3,3,22109,50,732
390,21,67120247,2,1,18577,36,664
391,7,67111485,2,3,23959,6,933
394,16,67123386,3,1,24378,57,202
390,16,67119819,3,3,17097,40,843
395,8,67123864,2,3,21358,54,489
399,15,67140959,1,2,18167,52,924
298,1,67132050,2,2,17458,3,655
394,5,67133635,3,3,16824,46,375
397,22,67110492,3,1,21919,13,698
391,6,67130767,2,3,19356,11,595
392,13,67120823,1,1,27827,17,247
388,17,67131063,1,1,22222,29,884
353,2,67108899,3,1,19316,23,253
391,3,67114015,3,1,16890,59,284
387,12,67135587,3,2,17286,46,242
399,4,67122983,2,1,16737,10,997
393,6,67131227,2,2,22457,31,386
