Target,ms_async_op_threads,osd_bench_max_block_size,osd_tier_default_cache_hit_set_search_last_n,bluestore_fsck_read_bytes_cap,client_oc_target_dirty,osd_tier_default_cache_min_write_recency_for_promote,mds_thrash_exports,mds_log_max_events
395,7,67126582,3,67117029,8411612,2,3,3
389,19,67139150,1,67111905,8412150,2,1,-1
389,6,67132451,3,67127443,8405310,3,1,0
394,17,67122399,2,67125232,8415879,2,3,1
392,11,67122218,1,67125409,8409257,1,3,1
387,20,67140997,2,67110310,8405038,3,2,-1
391,7,67136802,2,67115992,8420871,3,2,0
390,14,67127634,1,67126692,8420295,3,3,-1
401,5,67127179,2,67113123,8393059,1,2,1
377,2,67114065,3,67127047,8417925,3,1,-1
390,12,67114224,3,67132762,8405346,3,2,2
403,6,67129135,1,67126648,8413487,3,1,1
378,2,67124298,3,67124254,8413908,1,3,3
393,17,67128957,2,67141568,8389315,2,2,-1
302,1,67112159,2,67132243,8408852,2,1,0
307,1,67116561,2,67109902,8399311,2,1,1
403,14,67139197,1,67123316,8406308,1,2,3
392,5,67118562,2,67119075,8390624,2,3,0
402,9,67139425,1,67117097,8396576,2,1,3
396,15,67128936,2,67137603,8400488,1,1,0
390,13,67110722,2,67111108,8415310,2,3,-1
394,9,67116604,2,67118463,8396757,3,1,1
399,14,67139221,2,67118808,8413148,2,2,-1
394,18,67128509,1,67130176,8412377,3,3,-1
399,20,67132349,1,67126760,8393389,2,1,3
394,19,67134309,3,67116966,8419269,3,2,1
387,20,67112889,1,67118990,8421129,3,3,0
403,7,67131713,3,67117726,8415442,2,3,2
390,4,67139857,3,67116050,8402701,2,2,3
394,14,67124243,1,67135451,8405840,3,1,2
387,21,67121522,2,67120364,8403389,2,1,0
390,13,67121746,3,67115470,8401312,1,1,3
390,20,67111036,2,67138711,8410368,2,2,1
396,7,67118371,3,67109744,8398565,1,1,2
387,5,67113752,1,67115125,8391940,1,2,1
375,2,67128721,1,67133534,8402204,2,2,3
391,5,67138904,2,67132711,8407518,1,3,0
395,10,67125051,3,67133314,8419988,3,1,3
387,19,67135538,2,67122665,8418471,3,3,2
389,15,67139253,1,67130590,8400174,3,1,0
394,18,67135891,2,67109749,8389341,1,3,-1
387,14,67117155,2,67120395,8392303,1,2,3
393,13,67137337,2,67109579,8395768,2,2,2
290,1,67130203,1,67111888,8410050,2,3,3
391,17,67128497,3,67109000,8419368,2,1,0
403,22,67138463,3,67135022,8396294,3,3,2
360,2,67128378,1,67121418,8408100,2,1,0
396,6,67116766,3,67109025,8404787,1,1,3
389,12,67132533,2,67113671,8406217,3,2,1
388,12,67132326,1,67141573,8389960,1,1,0
389,22,67130235,2,67131368,8402537,2,2,1
389,9,67126416,1,67114982,8414787,1,2,-1
399,15,67132482,2,67119267,8388786,3,1,-1
394,14,67130960,1,67120926,8407451,2,3,2
396,19,67136294,2,67114719,8415056,2,3,2
392,15,67138370,2,67127698,8391042,2,1,-1
395,22,67135641,3,67126768,8401375,3,2,1
386,9,67113172,1,67116705,8390178,3,1,0
400,5,67113892,2,67139236,8389780,3,2,0
397,17,67126913,2,67111024,8404106,3,3,2
391,13,67113661,1,67127841,8411671,2,2,0
400,7,67127182,3,67128885,8416332,1,2,-1
396,18,67108897,3,67109132,8415885,1,3,1
388,3,67122563,2,67119684,8404587,3,1,0
385,20,67129791,1,67112256,8411459,2,3,3
299,1,67120255,1,67117120,8418610,3,2,0
371,2,67115063,2,67127011,8395599,1,3,1
389,20,67134608,2,67136304,8415111,1,2,-1
394,17,67117248,3,67133849,8396599,2,3,3
392,3,67119015,2,67127452,8405438,2,2,2
394,8,67124905,3,67122971,8413901,3,3,3
386,3,67141462,1,67141371,8414091,3,1,2
387,20,67136798,2,67115545,8419854,1,1,2
390,4,67120922,3,67115657,8405770,2,3,0
398,22,67136418,1,67118510,8417845,2,1,0
384,22,67118451,3,67119659,8406372,2,2,-1
392,9,67138863,1,67116064,8416348,2,1,-1
396,13,67128764,1,67124173,8412211,1,3,-1
382,14,67141025,3,67129547,8398763,1,1,3
395,4,67122770,1,67129662,8411834,1,3,1
389,20,67111524,1,67130642,8396157,1,2,-1
385,21,67127589,2,67133365,8390905,1,3,0
394,3,67140461,1,67136601,8412258,3,3,1
389,12,67109096,3,67109215,8416663,1,3,3
396,11,67140098,2,67130274,8401610,2,3,1
399,14,67130735,2,67131665,8417654,2,3,3
395,21,67114660,1,67139393,8408252,2,2,1
387,7,67111742,1,67136645,8413209,3,1,-1
384,16,67112872,1,67125960,8389970,2,2,0
388,18,67129809,1,67119949,8403635,1,3,1
392,17,67115026,2,67110058,8404830,3,3,-1
397,21,67112650,2,67117188,8397639,3,2,1
387,7,67114264,2,67125561,8412287,3,2,3
394,5,67138702,3,67116398,8406539,2,1,0
391,21,67122706,1,67130883,8408633,2,2,2
392,7,67138672,3,67124655,8411728,2,1,1
304,1,67119706,2,67131419,8390497,1,1,2
395,16,67112222,2,67141429,8412807,1,1,3
396,3,67138589,3,67124048,8407955,3,1,3
386,5,67116786,2,67111687,8394639,3,1,0
392,17,67109582,2,67131226,8415839,2,3,2
402,12,67138511,3,67139285,8416120,1,2,0
371,2,67114407,1,67112994,8420769,2,1,0
387,21,67123040,1,67125874,8400504,1,1,1
398,14,67120409,1,67109498,8419900,3,2,1
394,7,67138706,2,67141161,8401480,1,2,3
371,2,67118141,1,67124517,8411716,1,1,0
387,10,67131441,3,67131921,8394759,1,1,3
394,8,67128870,1,67123062,8406783,2,3,3
396,14,67119394,1,67133875,8400145,3,3,1
394,15,67115947,2,67127662,8419132,3,2,-1
390,12,67137411,3,67119434,8390822,2,2,3
387,20,67124119,1,67137871,8390760,2,3,-1
393,22,67133461,2,67109685,8409716,3,2,2
399,11,67134521,2,67138510,8403976,1,3,2
389,20,67132702,1,67136124,8407609,1,3,0
397,19,67122379,2,67141225,8397834,3,2,-1
398,11,67133879,3,67124223,8400854,3,1,2
394,7,67133076,2,67110270,8420691,3,1,2
393,11,67130727,2,67134784,8409890,3,2,-1
395,21,67140172,1,67114041,8394069,3,1,-1
391,11,67128739,1,67122001,8407966,3,2,2
391,9,67123717,3,67127789,8406824,2,3,1
389,18,67110818,2,67116558,8414547,3,3,-1
395,6,67112914,2,67131181,8405098,1,2,-1
403,9,67127193,2,67123892,8418082,2,2,3
385,17,67132207,2,67118433,8394734,1,2,3
398,7,67132456,3,67141330,8389801,2,3,1
397,5,67140368,2,67109318,8403456,1,3,1
394,20,67136062,3,67131264,8404110,2,2,0
385,8,67112834,1,67122285,8405347,2,1,-1
378,4,67120527,3,67135143,8408165,1,2,2
397,6,67137093,2,67125639,8412499,2,2,2
398,22,67117542,2,67117305,8421057,3,2,1
386,4,67133902,1,67117862,8410359,2,2,1
378,2,67132631,1,67109263,8403060,2,2,2
391,21,67133916,2,67121768,8419201,2,3,0
402,21,67114713,1,67137584,8409018,3,1,1
385,20,67132707,2,67132844,8405276,1,3,3
296,1,67118046,1,67130106,8400257,1,2,-1
385,6,67118676,1,67119123,8394669,3,1,-1
400,6,67135904,3,67113288,8418599,2,3,2
398,14,67116988,2,67137756,8400668,1,3,3
390,9,67131754,1,67137713,8388931,3,2,3
394,8,67137968,2,67131444,8411612,1,2,-1
390,22,67137215,2,67122384,8405531,1,1,-1
296,1,67110408,1,67123972,8392945,1,1,-1
392,17,67133485,3,67124117,8412051,3,1,-1
394,6,67128783,1,67113007,8397558,3,2,1
375,2,67132968,2,67115658,8395062,3,1,1
395,8,67115833,2,67129651,8398431,3,2,2
397,10,67138445,1,67130405,8411764,1,2,0
395,5,67130963,1,67140578,8411403,3,1,0
402,21,67119333,1,67118925,8409498,3,2,1
392,11,67132477,3,67139165,8412351,2,2,1
397,5,67126749,1,67133190,8403862,1,1,-1
377,2,67111465,3,67130904,8397655,2,1,3
391,22,67123020,2,67114211,8406216,2,3,-1
391,21,67127903,2,67110013,8391083,3,1,0
298,1,67109059,1,67122993,8409783,2,3,3
295,1,67111539,1,67109478,8410460,1,3,0
395,7,67129398,3,67124675,8395418,3,3,0
396,13,67118079,1,67133802,8393560,1,2,-1
391,5,67113370,1,67114385,8395261,1,3,0
391,16,67128679,1,67133974,8409193,3,3,2
398,7,67138754,3,67109865,8404579,1,2,3
398,20,67121333,3,67123924,8396445,2,2,-1
389,21,67114663,1,67127030,8412818,3,2,1
401,17,67131547,3,67128488,8415067,2,1,2
392,8,67141592,1,67117280,8396935,1,1,1
397,12,67119604,1,67114587,8399807,1,1,1
392,3,67131785,3,67139475,8396234,2,3,0
394,14,67128327,1,67113653,8395859,3,3,2
391,9,67132974,1,67114231,8390064,2,2,1
370,2,67139085,3,67122046,8391953,1,1,0
397,15,67121488,2,67134773,8416302,1,2,2
391,16,67119134,3,67125522,8406124,2,2,2
398,3,67122988,1,67134179,8411134,3,1,2
393,21,67130534,2,67114883,8406980,3,2,2
387,6,67113237,2,67114730,8392763,2,2,-1
396,6,67110974,3,67136958,8404433,3,3,3
391,21,67137995,2,67134532,8393801,2,2,1
397,8,67134202,3,67137017,8420193,3,1,-1
390,21,67120247,2,67119485,8410231,1,3,-1
391,7,67111485,2,67127904,8398157,3,1,1
394,16,67123386,3,67119966,8409825,1,1,1
390,16,67119819,3,67109472,8407648,3,2,0
395,8,67123864,2,67132286,8404787,3,3,2
399,15,67140959,1,67138304,8390926,2,2,-1
298,1,67132050,2,67120781,8392357,2,2,1
394,5,67133635,3,67119307,8405979,3,2,3
397,22,67110492,3,67128753,8401084,1,3,0
391,6,67130767,2,67113551,8410071,3,3,0
392,13,67120823,1,67112550,8389474,1,2,1
388,17,67131063,1,67135517,8412542,1,3,-1
353,2,67108899,3,67114875,8393899,1,2,2
391,3,67114015,3,67126797,8392368,1,2,1
387,12,67135587,3,67109087,8406754,2,1,2
399,4,67122983,2,67124649,8417018,1,3,-1
393,6,67131227,2,67118463,8403776,2,3,3
