Target,osd_tier_default_cache_min_write_recency_for_promote,osd_bench_max_block_size,ms_async_op_threads,osd_tier_default_cache_hit_set_search_last_n
395,2,67126582,7,3
389,2,67139150,19,1
389,3,67132451,6,3
394,2,67122399,17,2
392,1,67122218,11,1
387,3,67140997,20,2
391,3,67136802,7,2
390,3,67127634,14,1
401,1,67127179,5,2
377,3,67114065,2,3
390,3,67114224,12,3
403,3,67129135,6,1
378,1,67124298,2,3
393,2,67128957,17,2
302,2,67112159,1,2
307,2,67116561,1,2
403,1,67139197,14,1
392,2,67118562,5,2
402,2,67139425,9,1
396,1,67128936,15,2
390,2,67110722,13,2
394,3,67116604,9,2
399,2,67139221,14,2
394,3,67128509,18,1
399,2,67132349,20,1
394,3,67134309,19,3
387,3,67112889,20,1
403,2,67131713,7,3
390,2,67139857,4,3
394,3,67124243,14,1
387,2,67121522,21,2
390,1,67121746,13,3
390,2,67111036,20,2
396,1,67118371,7,3
387,1,67113752,5,1
375,2,67128721,2,1
391,1,67138904,5,2
395,3,67125051,10,3
387,3,67135538,19,2
389,3,67139253,15,1
394,1,67135891,18,2
387,1,67117155,14,2
393,2,67137337,13,2
290,2,67130203,1,1
391,2,67128497,17,3
403,3,67138463,22,3
360,2,67128378,2,1
396,1,67116766,6,3
389,3,67132533,12,2
388,1,67132326,12,1
389,2,67130235,22,2
389,1,67126416,9,1
399,3,67132482,15,2
394,2,67130960,14,1
396,2,67136294,19,2
392,2,67138370,15,2
395,3,67135641,22,3
386,3,67113172,9,1
400,3,67113892,5,2
397,3,67126913,17,2
391,2,67113661,13,1
400,1,67127182,7,3
396,1,67108897,18,3
388,3,67122563,3,2
385,2,67129791,20,1
299,3,67120255,1,1
371,1,67115063,2,2
389,1,67134608,20,2
394,2,67117248,17,3
392,2,67119015,3,2
394,3,67124905,8,3
386,3,67141462,3,1
387,1,67136798,20,2
390,2,67120922,4,3
398,2,67136418,22,1
384,2,67118451,22,3
392,2,67138863,9,1
396,1,67128764,13,1
382,1,67141025,14,3
395,1,67122770,4,1
389,1,67111524,20,1
385,1,67127589,21,2
394,3,67140461,3,1
389,1,67109096,12,3
396,2,67140098,11,2
399,2,67130735,14,2
395,2,67114660,21,1
387,3,67111742,7,1
384,2,67112872,16,1
388,1,67129809,18,1
392,3,67115026,17,2
397,3,67112650,21,2
387,3,67114264,7,2
394,2,67138702,5,3
391,2,67122706,21,1
392,2,67138672,7,3
304,1,67119706,1,2
395,1,67112222,16,2
396,3,67138589,3,3
386,3,67116786,5,2
392,2,67109582,17,2
402,1,67138511,12,3
371,2,67114407,2,1
387,1,67123040,21,1
398,3,67120409,14,1
394,1,67138706,7,2
371,1,67118141,2,1
387,1,67131441,10,3
394,2,67128870,8,1
396,3,67119394,14,1
394,3,67115947,15,2
390,2,67137411,12,3
387,2,67124119,20,1
393,3,67133461,22,2
399,1,67134521,11,2
389,1,67132702,20,1
397,3,67122379,19,2
398,3,67133879,11,3
394,3,67133076,7,2
393,3,67130727,11,2
395,3,67140172,21,1
391,3,67128739,11,1
391,2,67123717,9,3
389,3,67110818,18,2
395,1,67112914,6,2
403,2,67127193,9,2
385,1,67132207,17,2
398,2,67132456,7,3
397,1,67140368,5,2
394,2,67136062,20,3
385,2,67112834,8,1
378,1,67120527,4,3
397,2,67137093,6,2
398,3,67117542,22,2
386,2,67133902,4,1
378,2,67132631,2,1
391,2,67133916,21,2
402,3,67114713,21,1
385,1,67132707,20,2
296,1,67118046,1,1
385,3,67118676,6,1
400,2,67135904,6,3
398,1,67116988,14,2
390,3,67131754,9,1
394,1,67137968,8,2
390,1,67137215,22,2
296,1,67110408,1,1
392,3,67133485,17,3
394,3,67128783,6,1
375,3,67132968,2,2
395,3,67115833,8,2
397,1,67138445,10,1
395,3,67130963,5,1
402,3,67119333,21,1
392,2,67132477,11,3
397,1,67126749,5,1
377,2,67111465,2,3
391,2,67123020,22,2
391,3,67127903,21,2
298,2,67109059,1,1
295,1,67111539,1,1
395,3,67129398,7,3
396,1,67118079,13,1
391,1,67113370,5,1
391,3,67128679,16,1
398,1,67138754,7,3
398,2,67121333,20,3
389,3,67114663,21,1
401,2,67131547,17,3
392,1,67141592,8,1
397,1,67119604,12,1
392,2,67131785,3,3
394,3,67128327,14,1
391,2,67132974,9,1
370,1,67139085,2,3
397,1,67121488,15,2
391,2,67119134,16,3
398,3,67122988,3,1
393,3,67130534,21,2
387,2,67113237,6,2
396,3,67110974,6,3
391,2,67137995,21,2
397,3,67134202,8,3
390,1,67120247,21,2
391,3,67111485,7,2
394,1,67123386,16,3
390,3,67119819,16,3
395,3,67123864,8,2
399,2,67140959,15,1
298,2,67132050,1,2
394,3,67133635,5,3
397,1,67110492,22,3
391,3,67130767,6,2
392,1,67120823,13,1
388,1,67131063,17,1
353,1,67108899,2,3
391,1,67114015,3,3
387,2,67135587,12,3
399,1,67122983,4,2
393,2,67131227,6,2
